Available in:;Asp;Latest
2017 Abarth 124 Spider;T;FM
2024 Chevrolet NASCAR Next Gen Camaro ZL1;NA;FM
2016 Abarth 695 Biposto;T;FH5
2013 Abarth Punto Supersport;T;FM7
2010 Abarth 500 esseesse;T;FH3
1980 Abarth Fiat 131;NA;FH5
1968 Abarth 595 esseesse;NA;FH5
2024 Toyota NASCAR Next Gen Camry XSE;NA;FM
1969 Chevrolet Camaro Jordan Luka 3 Motorsport Edition;NA;FM
2022 Acura NSX Type S;TT;FM
2020 Acura #6 ARX-05 DPi;TT;FM
2017 Acura NSX Forza Edition;TT;FM7
2010 Acura TSX V6;;FM4
2009 Acura #66 de Ferran Motorsports ARX-02a;;FM4
2009 Acura #66 de Ferran Motorsports Jim Hall Tribute ARX-02a;NA;FM4
2008 Acura #15 Lowe's Fernandez ARX-01b;;FM4
2008 Acura #26 Andretti-Green Racing ARX-01b;;FM4
2008 Acura #66 de Ferran Motorsports ARX-01b;;FM4
2006 Acura RL A-Spec;;FM2
2005 Acura Forza Motorsport NSX;;FM3
2005 Acura NSX;NA;FM4
2003 Acura 3.2 CL Type-S;PDS;FM1
2002 Acura #42 Realtime Racing NSX;;FM3
2002 Acura RSX Type-S;NA;FH5
2001 Acura Integra Type R;NA;FM
2000 Acura VIS Racing Integra Type-R;NA;FM2
1997 Acura NSX;NA;FM4
2020 Alejandra's Flatbed Truck;;FH5
2018 Alfa Romeo Stelvio Quadrifoglio;TT;FH4
2018 Acura #36 NSX GT3;TT;FM
2016 Alfa Romeo Giulia Quadrifoglio Forza Edition;TT;FH4
2017 Acura NSX;TT;FM
2014 Alfa Romeo 4C;T;FM
2011 Alfa Romeo TZ3 Stradale Zagato;NA;FH1
2010 Alfa Romeo 8C Spider;NA;FH1
2009 Alfa Romeo Brera Italia Independent;;FM4
2008 Alfa Romeo MiTo;;FM4
2007 Alfa Romeo 8C Competizione;NA;FH5
2007 Alfa Romeo 8C Competizione Forza Edition;NA;FH4
1992 Alfa Romeo 155 Q4 ;T;FH5
1992 Alfa Romeo Milano Quadrifoglio Verde;NA;FM7
1990 Alfa Romeo SZ Sprint Zagato;NA;FM7
1986 Alfa Romeo GTV-6;NA;FM7
1986 Alfa Romeo Spider Quadrifoglio Verde;NA;FM7
1970 Alfa Romeo Montreal;NA;FM7
1968 Alfa Romeo 33 Stradale;NA;FH5
2017 Alfa Romeo Giulia Quadrifoglio;TT;FM
1965 Alfa Romeo Giulia TZ2;NA;FH5
1958 Alfa Romeo Giulietta Sprint Veloce;NA;FM7
1950 Alfa Romeo 158;PDS;FM7
1934 Alfa Romeo P3;PDS;FH4
1932 Alfa Romeo 8C 2300 Spider;PDS;FM7
2011 Alfa Romeo Giulietta Quadrifoglio Verde;T;FM
1965 Alfa Romeo Giulia Sprint GTA Stradale;NA;FM
1973 Alpine A110 1600s;NA;FH5
2022 Alumi Craft #6165 Trick Truck;NA;FH5
2021 Alumi Craft #122 Class 1 Buggy;NA;FH5
2015 Alumi Craft Class 10 Race Car;NA;FH5
2015 Alumi Craft Class 10 Race Car Forza Edition;NA;FH4
1977 AMC Pacer X;NA;FM7
1973 AMC Gremlin X;NA;FH5
2017 Alpine A110;T;FM
2018 Audi #1 Audi Sport RS 3 LMS;T;FM
2554 AMG Transport Dynamics M12S Warthog CST;TT;FH5
1990 Alpine GTA Le Mans;T;FM
2018 Apollo Intensa Emozione 'Welcome Pack';NA;FH5
2016 Ariel Nomad;NA;FH5
1971 AMC Javelin AMX;NA;FM
2012 Ascari KZ1R;NA;FH5
"1970 AMC Rebel ""The Machine""";NA;FM
2018 Apollo Intensa Emozione;NA;FM
2021 Aston Martin DBX;TT;FH5
2013 Ariel Atom 500 V8;NA;FM
2023 Aston Martin Valkyrie;NA;FM
2022 Aston Martin Valkyrie AMR Pro;NA;FM
2019 Aston Martin DBS Superleggera;TT;FM
2019 Aston Martin Valhalla Concept Car;T;FM
2017 Aston Martin DB11;TT;FH5
2017 Aston Martin DB11 PreOrder Car;;FH4
2019 Aston Martin Vantage;TT;FM
2018 Aston Martin #97 AMR Vantage GTE;TT;FM
2017 Aston Martin #7 Aston Martin Racing V12 Vantage GT3;NA;FM
2016 Aston Martin Vulcan Forza Edition;NA;FH4
2017 Aston Martin Vanquish Zagato Coupe;NA;FM
2017 Aston Martin Vulcan AMR Pro;NA;FM
2012 Aston Martin V12 Zagato;NA;FM7
2012 Aston Martin Vanquish;NA;FH4
2012 Aston Martin Vanquish (Ltd. Ed.);;FM5
2012 Aston Martin Virage;NA;FH1
2011 Aston Martin #009 Aston Martin Racing AMR One;;FM4
2011 Aston Martin #6 Muscle Milk Aston Martin Lola;NA;FM4
2011 Aston Martin Cygnet;;FM4
2011 Aston Martin V12 Zagato (Villa d'Este);NA;FH2
2010 Aston Martin One-77;NA;FH5
2010 Aston Martin Rapide;NA;FM4
2010 Aston Martin V12 Vantage;NA;FM4
2009 Aston Martin #007 Aston Martin Lola;NA;FM4
2008 Aston Martin #008 Bell Motorsports DBR9;;FM3
2008 Aston Martin #009 Aston Martin Racing DBR9;;FM4
2016 Aston Martin Vulcan;NA;FM
2008 Aston Martin Team Forza DBS;NA;FM6
2006 Aston Martin #007 Aston Martin Racing DBR9;NA;FM7
2005 Aston Martin DB9 Coupe;;FM4
2005 Aston Martin Forza Motorsport DB9 Coupe;;FM3
2003 Aston Martin DB7 Zagato;NA;FM4
2015 Aston Martin Vantage GT12;NA;FM
2013 Aston Martin V12 Vantage S;NA;FM
1990 Aston Martin Lagonda;;FH5
2008 Aston Martin DBS;NA;FM
1977 Aston Martin V8 Vantage;NA;FM7
2001 Aston Martin V12 Vanquish;NA;FM
1998 Aston Martin V8 Vantage V600;PDS;FM
1989 Aston Martin #18 Aston Martin AMR1;NA;FM
1967 Aston Martin DBS;NA;FM
2018 ATS GT;TT;FH5
1964 Aston Martin DB5;NA;FM
1960 Aston Martin DB4 GT Zagato;NA;FM
1958 Aston Martin DBR1;NA;FM
2021 Audi RS 6 Avant;TT;FM
2021 Audi RS 7 Sportback;TT;FM
2021 Audi RS e-tron GT;E;FM
2020 Audi R8 V10 performance;NA;FM
2020 Audi RS 3 Sedan;T;FM
2020 Audi TT RS Coupe;T;FM
2015 Audi S1;T;FM
2018 Audi #44 R8 LMS GT3;NA;FM
2018 Audi RS 4 Avant;TT;FM
2018 Audi RS 5 Coupe;TT;FM
2016 Audi R8 V10 plus PreOrder Edition;NA;FH3
2018 Audi TT RS;T;FM
2016 Audi #17 Rotek Racing TT RS;T;FM
2015 Audi S3 Sedan;T;FM7
2015 Audi Team Forza TTS Coupe;T;FM6
2015 Audi TTS Coupe;T;FH5
2016 Audi R8 V10 plus;NA;FM
2014 Audi #45 Flying Lizard Motorsports R8 LMS Ultra;NA;FM7
2014 Audi #67 Rotek Racing S3 Saloon;T;FM7
2015 Audi RS 6 Avant;TT;FM
2014 BAC Mono;NA;FM
2014 Audi #2 Audi Team Joest R18 e-tron quattro;T;FM
2013 Audi S4;PDS;FH2
2013 Audi Team Forza R8 Coupe V10 plus 5.2 FSI quattro;NA;FM6
2013 Audi Team Forza RS 7 Sportback;TT;FM6
2012 Audi #1 Audi Sport Team Joest R18 e-tron quattro;T;FM7
2012 Audi R8 GT Spyder;NA;FH1
2011 Audi #02 Audi A4 Touring Car;;FM4
2011 Audi #03 Audi A4 Touring Car;;FM4
2011 Audi #04 Audi A4 Touring Car;;FM4
2011 Audi #05 Audi A4 Touring Car;;FM4
2011 Audi #06 Audi A4 Touring Car;;FM4
2011 Audi #2 Audi Sport Team Joest R15++ TDI;TT;FM7
2011 Audi #2 Audi Sport Team Joest R18 TDI;;FM4
2011 Audi #4 Forza Motorsport R10 TDI;;FM4
2011 Audi R8 GT;NA;FH1
2013 Audi R8 Coupé V10 plus 5.2 FSI quattro;NA;FM
2011 Audi RS 3 Sportback (Ltd. Ed.);;FM5
2011 Audi RS 5 Coupe;NA;FH5
2010 Audi Forza Motorsport R8 5.2 FSI quattro;;FM3
2010 Audi Forza Ultimate R8 5.2 FSI quattro;;FM3
2010 Audi Forza Ultimate TT RS Coupe;;FM3
2010 Audi R8 5.2 Community Edition;;FM3
2013 Audi RS 4 Avant;NA;FM
2010 Audi R8 5.2 FSI Quattro (painted/tuned);;FM5
2010 Audi S4;;FM4
2010 Audi TT RS Coupe;T;FH5
2010 Audi TT RS Coupe (Day One);;FM5
2009 Audi #2 Audi Sport Team Joest R15 TDI;;FM4
2009 Audi Forza Ultimate R15 TDI;;FM3
2009 Audi Q7 V12 TDI;TT;FM7
2009 Audi R8 LMS;;FM4
2009 Audi RS 6;TT;FH5
2008 Audi #2 Audi Sport North America R10 TDI;;FM4
2008 Audi A4 Touring Car;;FM3
2008 Audi R8 4.2;;FM4
2007 Audi S5;;FM4
2007 Audi TT Coupe S-Line;;FM4
2006 Audi #2 Audi Sport North America R8;TT;FM6
2006 Audi #8 Audi Sport Team Joest Audi R10 TDI;;FM3
2013 Audi RS 7 Sportback;TT;FM
2004 Audi #5 Audi Sport Japan Team Goh R8;TT;FM6
2004 Audi #8 Audi ABT TT-R;;FM4
2004 Audi #88 Audi Sport UK Team Veloqx R8;;FM2
2011 Audi RS 3 Sportback;T;FM
2004 Audi TT Coupe 3.2 quattro;;FM4
2003 Audi #1 Champion RS6;;FM3
2010 Audi R8 Coupé 5.2 FSI quattro;NA;FM
2002 Audi #1 Champion S4 Competition;;FM3
2002 Audi #1 Infineon Audi R8;;FM2
2001 Audi #38 Champion R8;;FM1
2001 Audi #4 Johansson Motorsport R8;;FM3
2006 Audi RS 4;NA;FM
2000 Audi AWE Tuning SilverBullet S4;;FM2
2000 Audi S4;;FM4
2004 Audi S4;NA;FM
2003 Audi RS 6;TT;FM
1986 Audi #2 Audi Sport quattro S1;T;FH5
2001 Audi RS 4 Avant;TT;FM
1983 Audi Sport quattro LCE Livery;;FH1
1964 Austin FX4 Taxi;NA;FH4
1924 Austin Seven;NA;FH4
1995 Audi Avant RS 2;T;FM
1958 Austin-Healey Sprite MkI;NA;FH5
1989 Audi #4 Audi 90 quattro IMSA GTO;T;FM
1984 Audi Sport quattro;T;FM
1993 Autozam AZ-1;;FH5
1965 Austin-Healey 3000 MkIII;NA;FM
2014 BAC Mono Horizon Edition;NA;FH3
2015 Baldwin #97 Monster Energy Trophy Truck;;FH3
2021 Bentley Continental GT Convertible;;FH5
2021 Bentley Flying Spur;;FH5
2017 Bentley #17A LIQUI MOLY M-Sport Continental GT3;TT;FM7
1939 Auto Union Type D;PDS;FM
2016 Bentley Bentayga;TT;FH5
2015 Bentley EXP 10 Speed 6 Concept;TT;FM7
2020 Automobili Pininfarina Battista;E;FM
2013 Bentley Continental GT Speed;TT;FH4
2013 Bentley Continental GT Speed Forza Edition;TT;FH4
2012 Bentley Continental GT;TT;FH1
2011 Bentley Platinum Motorsports Continental GT;;FM4
2010 Bentley Continental Supersports;;FM4
2004 Bentley Continental GT;;FM4
1991 BMW M3;NA;FM
1991 Bentley Turbo R;T;FH5
1930 Bentley 8 Litre;NA;FH5
1930 Bentley Blower 4-1/2 Litre Supercharged;PDS;FH5
2010 Bertone Mantide;;FM4
2017 Bentley Continental Supersports;TT;FM
2014 Bentley #17 M-Sport Bentley Continental GT3;TT;FM
2003 Bentley #7 Team Bentley Speed 8;TT;FM
2022 BMW i4 eDrive40;;FH5
2022 BMW iX xDrive50;;FH5
2022 BMW M5 CS;;FH5
2023 BMW #25 BMW Team RLL M Hybrid V8;NA;FM
2023 BMW #96 Turner Motorsports M4 GT3;TT;FM
2023 BMW M2;TT;FM
2021 BMW M3 Competition Sedan;TT;FM
2021 BMW M4 Competition Coupé;TT;FM
2020 BMW M2 Competition Coupé;TT;FM
2018 BMW i8 Roadster;T;FH4
2020 BMW M8 Competition Coupé;TT;FM
2019 BMW Z4 Roadster;T;FM
2016 BMW M2 Coupé;T;FH5
2018 BMW #1 BMW M Motorsport M8 GTE;TT;FM
2018 BMW M5;TT;FM
2015 BMW X6 M;TT;FH5
2014 BMW #5 Ebay Motors 125i M Sport;T;FM7
2014 BMW #55 BMW Team RLL Z4 GTE;NA;FM7
2014 BMW #56 BMW Team RLL Z4 GTE;NA;FM7
2014 BMW M235i;T;FH3
2017 BMW #24 BMW Team RLL M6 GTLM;TT;FM
2014 BMW M4 Coupe Forza Edition;TT;FM7
2014 BMW M4 Coupe Horizon Edition;TT;FH3
2014 BMW Team Forza M4 Coupe;TT;FM6
2013 BMW M Performance M3 Racing;NA;FM5
2013 BMW M135i;;FH1
2016 BMW M4 GTS;TT;FM
2013 BMW M6 Coupe Forza Edition;TT;FH4
2015 BMW i8;T;FM
2012 BMW M5 F10 Design Challenge;;FM4
2012 BMW Team Forza M5;TT;FM6
2012 BMW Z4 sDrive28i;T;FH1
2014 BMW M4 Coupé;TT;FM
2011 BMW X5 M;TT;FH5
2011 BMW X5 M Forza Edition;TT;FH5
2011 BMW X5 M Traffic;;FH5
2011 BMW Z4 sDrive35is;TT;FH4
2010 BMW #79 Jeff Koons M3 GT2 Art Car;;FM4
2013 BMW M6 Coupé;TT;FM
2012 BMW M5;TT;FM
2010 BMW M6 Coupe Design Challenge;;FM4
2010 BMW X6 M;;FM4
2010 BMW Z4 GT3;;FM4
2009 BMW #92 Rahal Letterman Racing M3 GT2;NA;FM7
2009 BMW 135i Coupe;;FM4
2009 BMW GAME M3 E92;;FM3
2009 BMW Gamestop M5 E60;;FM3
2011 BMW 1 Series M Coupé;TT;FM
2009 BMW Micromania M5 E60;;FM3
2009 BMW Walmart M5 E60;;FM3
2009 BMW X5 xDrive48i;;FM3
2010 BMW M3 GTS;NA;FM
2008 BMW M3 Design Challenge;;FM4
2008 BMW Z4 M Coupe;NA;FH5
2008 BMW Z4 M Coupe Design Challenge;;FM4
2005 BMW #2 BMW M3 GTR;;FM4
2010 BMW M6 Coupé;NA;FM
2003 BMW #42 M3-GTR;;FM1
2003 BMW #43 M3-GTR;;FM1
2009 BMW M5;NA;FM
2008 BMW M3;NA;FM
2005 BMW M3;NA;FM
2001 BMW #6 Prototype Technology Group M3 GTR;;FM4
2003 BMW M5;NA;FM
2002 BMW M3-GTR;NA;FM
2002 BMW Z3 M Coupé;NA;FM
1997 BMW #42 McLaren F1-GTR;;FM1
2000 BMW 323ti Sport;NA;FM
1997 BMW M3 Forza Edition;NA;FM7
1997 BMW M3 Horizon Edition;NA;FH3
1999 BMW #15 BMW Motorsport V12 LMR;NA;FM
1995 BMW 850CSi Forza Edition;;FM7
1995 BMW M5;NA;FH5
1999 BMW #16 BMW Motorsport V12 LMR;NA;FM
1991 BMW M3 Forza Edition;;FM7
1997 BMW M3;NA;FM
1988 BMW M5 Forza Edition;NA;FH4
1995 BMW 850CSi;NA;FM
1973 BMW 2002 Turbo;T;FM
1981 BMW M1 Design Challenge;;FM4
1988 BMW M5;NA;FM
1986 BMW M635 CSi;NA;FM
1981 BMW M1;NA;FM
1975 BMW #93 Herve Poulain 3.0 CSL;NA;FM6
1979 BMW #6 BMW Motorsport M1 Procar;NA;FM
1971 BMW 3.0 CSL;;FM4
1959 BMW 507;NA;FM7
1957 BMW Isetta 300 Export;NA;FH5
1939 BMW 328;NA;FM7
2012 Bowler EXR S;PDS;FH4
1976 BMW #1 BMW 3.0 CSL;NA;FM
1977 Brabham #8 Motor Racing Developments BT45B;NA;FM7
1975 BMW #25 BMW Motorsport 3.0 CSL;NA;FM
1964 Brabham BT8;NA;FM
2019 Brabham BT62;NA;FM
1967 Brabham BT24;NA;FM
2013 Caterham Superlight R500;NA;FM
1974 BRM #14 Team Motul P201;NA;FM
2009 Bugatti Veyron 16.4;;FM4
2019 Bugatti Divo;TT;FM
2018 Bugatti Chiron;TT;FM
2011 Bugatti Veyron Super Sport;TT;FM
1992 Bugatti EB110 Super Sport;TT;FM
1926 Bugatti Type 35 C;PDS;FM
1987 Buick Regal GNX;T;FM
1985 Buick #6 Performance Motorsports Somerset Regal Trans-Am;NA;FM
1970 Buick GSX;NA;FM
2023 Cadillac #01 Cadillac Racing V-Series.R;NA;FM
2023 Cadillac #2 Cadillac Racing V-Series.R;NA;FM
2023 Cadillac #31 Whelen Engineering Cadillac Racing V-Series.R;NA;FM
2022 Cadillac CT4-V Blackwing;TT;FM
2022 Cadillac CT5-V Blackwing;PDS;FM
2016 Cadillac ATS-V Forza Edition;TT;FM7
2021 Cadillac #31 Whelen Racing DPi-V.R;NA;FM
2018 Cadillac #57 TA CTS-V;NA;FM
2016 Cadillac ATS-V;TT;FM
2013 Cadillac XTS Limousine;NA;FH5
2012 Cadillac Escalade ESV;NA;FH4
2012 Cadillac Escalade ESV Forza Edition;;FM7
2011 Cadillac CTS-V Coupe;PDS;FM7
2009 Cadillac CTS-V;;FM4
2008 Cadillac #8 Remington Shaving CTS-V;;FM3
2004 Cadillac #16 Team Cadillac CTS-V;;FM3
2004 Cadillac CTS-V;;FM4
2002 Cadillac #6 Team Cadillac Northstar LMP-02;;FM4
1959 Cadillac Eldorado Biarritz Convertible;NA;FH4
2018 Can-Am Maverick X RS Turbo R;T;FH5
2013 Caparo T1;NA;FM6
2019 Casey Currie Motorsports #4402 Ultra 4 'Trophy Jeep';NA;FH5
2016 Cadillac CTS-V Sedan;PDS;FM
2013 Caterham Superlight R500 Forza Edition;NA;FH4
2015 Cadillac #3 Cadillac Racing ATS-V.R;TT;FM
2014 Cadillac CTS-V Sport Wagon;PDS;FM
1964 Chevron B16;NA;FM
1966 Chaparral #66 Chaparral Cars 2E;NA;FM
2025 Chevrolet IndyCar;TT;FM
2024 Chevrolet Corvette E-Ray;NA;FM
2023 Chevrolet Corvette Z06;NA;FM
2020 Chevrolet #3 Corvette Racing C8.R;NA;FM
2020 Chevrolet Silverado LT Trail Boss;;FH5
2019 Chevrolet #2 Team Penske Dallara;;FM7
2019 Chevrolet #22 Team Penske Dallara;;FM7
2020 Chevrolet Corvette Stingray Coupe;NA;FM
2019 Chevrolet Corvette ZR1 Pace Car;;FM7
2020 Chevrolet Corvette Stingray Coupe Forza Edition;NA;FM
2019 Chevrolet Corvette ZR1;PDS;FM
2018 Chevrolet #23 Ruman Racing TA Corvette;NA;FM
2018 Chevrolet Hot Wheels COPO Camaro;PDS;FH5
2017 Chevrolet #2 Team Penske IndyCar;TT;FM7
2017 Chevrolet #24 Hendrick Motorsports KBB Super Sport;NA;FM7
2017 Chevrolet #24 Hendrick Motorsports Mountain Dew Super Sport;NA;FM7
2017 Chevrolet #24 Hendrick Motorsports NAPA Super Sport;NA;FM7
2017 Chevrolet #4 AJ Foyt Enterprises IndyCar;TT;FM7
2018 Chevrolet Camaro ZL1 1LE;PDS;FM
2017 Chevrolet Camaro ZL1 Forza Edition;PDS;FM7
2017 Chevrolet Camaro ZL1 Preorder Car;PDS;FH4
2017 Chevrolet Colorado ZR2;NA;FH5
2017 Chevrolet Colorado ZR2 Traffic;;FH5
2016 Chevrolet #1 Chip Ganassi Racing McDonald's Super Sport;NA;FM6
2016 Chevrolet #10 Stewart-Haas Racing Nature's Bakery Super Sport;NA;FM6
2016 Chevrolet #14 Stewart-Haas Racing Mobil 1 Super Sport;NA;FM6
2016 Chevrolet #24 Hendrick Motorsports NAPA Super Sport;NA;FM6
2016 Chevrolet #4 Stewart-Haas Racing Jimmy John’s Super Sport;NA;FM6
2016 Chevrolet #4 Stewart-Haas Racing Outback Steakhouse Super Sport;NA;FM6
2016 Chevrolet #41 Stewart-Haas Racing Haas Automation Super Sport;NA;FM6
2016 Chevrolet #42 Chip Ganassi Racing Target Super Sport;NA;FM6
2016 Chevrolet #48 Hendrick Motorsports Lowe's Super Sport;NA;FM6
2016 Chevrolet #5 Hendrick Motorsports FARMERS Insurance Super Sport;NA;FM6
2016 Chevrolet #5 Hendrick Motorsports Great Clips Super Sport;NA;FM6
2016 Chevrolet #88 Hendrick Motorsports Nationwide Insurance Super Sport;NA;FM6
2018 Chevrolet Camaro ZL1 1LE Forza Edition;PDS;FM
2015 Chevrolet #1 Team Penske IndyCar;TT;FM6
2017 Chevrolet Camaro ZL1;PDS;FM
2015 Chevrolet #67 CFH Racing IndyCar;TT;FM6
2015 Chevrolet #9 Target Chip Ganassi Racing IndyCar;TT;FM6
2015 Chevrolet Camaro Z/28;NA;FH5
2016 Chevrolet Camaro Super Sport;NA;FM
2015 Chevrolet Corvette Z06 Forza Edition;PDS;FM7
2015 Chevrolet Corvette Z06 Horizon Edition;PDS;FH3
2015 Chevrolet #10 Konica Minolta Corvette Daytona Prototype;NA;FM
2014 Chevrolet #4 ROAL Motorsport RML Cruze TC1 WTCC;T;FM7
2014 Chevrolet Corvette Stingray;TT;FH2
2014 Chevrolet Super Sport;NA;FM7
2014 Chevrolet Super Sport Forza Edition;NA;FM7
2013 Chevrolet #1 Andretti Autosport Dallara DW12;NA;FM5
2013 Chevrolet #12 Team Penske Dallara DW12;NA;FM5
2013 Chevrolet Summit Racing Pro Stock Camaro;;FH5
2012 Chevrolet Camaro ZL1;PDS;FM7
2012 Chevrolet Camaro ZL1 (#88 Mt Dew Xbox livery);;FM5
2011 Chevrolet #04 Chevrolet Racing Monte Carlo SS Stock Car;NA;FM4
2011 Chevrolet #4 Corvette Racing ZR1;NA;FM7
2011 Chevrolet Spark;;FM4
2011 Chevrolet Volt;;FM4
2015 Chevrolet Corvette Z06;PDS;FM
2010 Chevrolet #89 Intersport Racing Oreca FLM09;NA;FM7
2010 Chevrolet #99 Green Earth Team Gunnar Oreca FLM09;NA;FM7
2010 Chevrolet Camaro SS;;FM4
2010 Chevrolet Cobalt SS Turbocharged;;FM4
2010 Chevrolet Corvette Grand Sport;;FM4
2010 Chevrolet Corvette Grand Sport Convertible;;FH1
2009 Chevrolet Aveo5 LT;;FM3
2014 Chevrolet #3 Corvette Racing Corvette C7.R;NA;FM
2008 Chevrolet Monte Carlo SS Stock Car;NA;FM3
2007 Chevrolet #4 Corvette Racing C6.R;;FM3
2006 Chevrolet #4 Corvette Racing C6.R;;FM4
2006 Chevrolet Corvette Z06;;FM4
2005 Chevrolet #31 Whelen Engineering Corvette Z06;;FM3
2005 Chevrolet #99 Tiger Racing Corvette Z06;;FM3
2005 Chevrolet Cobalt SS Coupe;;FM3
2005 Chevrolet Corvette C6;;FM1
2004 Chevrolet #3 Corvette Racing C5.R;;FM4
2003 Chevrolet #50 Corvette Racing C5.R;;FM3
2003 Chevrolet #73 3R-Racing Corvette Z06;;FM3
2003 Chevrolet Corvette Guldstrand Edition;;FM2
2010 Chevrolet #55 Level 5 Motorsports Oreca FLM09;NA;FM
2009 Chevrolet Corvette ZR1;PDS;FM
2002 Chevrolet Lingenfelter 427 Corvette;;FM2
1996 Chevrolet Corvette Grand Sport;;FM4
1996 Chevrolet Impala Super Sport;NA;FH5
2002 Chevrolet Camaro 35th Anniversary Super Sport;NA;FM
1990 Chevrolet #30 Douglas Shierson Racing Lola T90/00;T;FM6
2002 Chevrolet Corvette Z06;NA;FM
1995 Chevrolet Corvette ZR-1;NA;FM
1990 Chevrolet Camaro IROC-Z;NA;FM
1988 Chevrolet Monte Carlo Super Sport Forza Edition;NA;FM7
1979 Chevrolet Camaro Z28;NA;FH5
1988 Chevrolet #77 Beretta Trans Am;NA;FM
1972 Chevrolet K10 Custom;NA;FH5
1971 Chevrolet Vega GT;NA;FM7
1988 Chevrolet Monte Carlo Super Sport;NA;FM
1976 Chevrolet #76 Greenwood Corvette;NA;FM
1970 Chevrolet Chevelle Super Sport 454 Forza Edition;PDS;FM7
1970 Chevrolet Chevelle Super Sport 454 Horizon Edition;NA;FH3
1970 Chevrolet Chevelle Super Sport Barrett-Jackson Edition;NA;FH4
1970 Chevrolet Camaro Z28;NA;FM
1970 Chevrolet El Camino Super Sport 454;NA;FH5
1970 Chevrolet Chevelle Super Sport 454;NA;FM
1970 Chevrolet Corvette ZR-1;NA;FM
1969 Chevrolet Camaro Super Sport Coupe Forza Edition;PDS;FM7
1969 Chevrolet Camaro Super Sport Coupe Horizon Edition;NA;FH3
1969 Chevrolet Camaro Z28;;FM4
1969 Chevrolet Corvair Monza;;FM4
1969 Chevrolet Camaro Super Sport Coupe;NA;FM
1969 Chevrolet Nova Super Sport 396 Forza Edition;NA;FH4
1967 Chevrolet Chevelle Super Sport 396;NA;FH4
1969 Chevrolet Nova Super Sport 396;NA;FM
1966 Chevrolet Corvette F&F Edition;NA;FM7
1966 Chevrolet Nova Super Sport;NA;FH5
1964 Chevrolet Impala Super Sport 409;NA;FH5
1964 Chevrolet Impala Super Sport 409 Forza Edition;NA;FM7
1963 Chevrolet Corvette Grand Sport F&F Edition;NA;FM6
1960 Chevrolet Corvette;NA;FH5
1957 Chevrolet Bel Air;NA;FH5
1957 Chevrolet Bel Air Forza Edition;;FM7
1956 Chevrolet Barbie Movie' Corvette EV;E;FH5
1955 Chevrolet 150 Utility Sedan;NA;FH5
1953 Chevrolet Corvette;NA;FH5
1953 Chevrolet Corvette Forza Edition;NA;FH5
1949 Chevrolet Fleetline Special F&F Edition;T;FM7
1967 Chevrolet Corvette Stingray 427;NA;FM
2012 Chrysler 300 SRT8;NA;FM7
2008 Chrysler 300C SRT-8;;FM4
2006 Chrysler Crossfire SRT6;;FM4
2005 Chrysler ME Four-Twelve Concept;;FM2
2004 Chrysler PT Cruiser GT;;FM4
2011 Citroën DS 3 Racing;T;FM
2069 Chryslus Rocket 69;E;FM6
2011 Citroen C1;;FM4
2011 Citroen DS3;;FM4
2011 Citroen DS4;;FM4
2009 Citroen C4 VTS;;FM4
1986 Citroen BX4TC;;FH5
1970 Citroen 2CV;NA;FM7
1972 Chrysler VH Valiant Charger R/T E49;NA;FM
2022 CUPRA Formentor VZ5;T;FH5
2022 CUPRA Tavascan Concept;E;FH5
2022 CUPRA UrbanRebel Concept;E;FH5
2024 Czinger 21C;;FH5
1970 Datsun 510;NA;FM
1979 Datsun #33 280ZX Turbo;TT;FM
1969 Datsun 2000 Roadster;NA;FM
2013 Dodge Dart GT;NA;FM
1971 De Tomaso Pantera;NA;FM4
2019 DeBerti Ford Super Duty F-250 Lariat 'Transformer';T;FH5
"2019 DeBerti Toyota Tacoma TRD ""The Performance Truck""";NA;FH5
2018 DeBerti Chevrolet Silverado 1500 Drift Truck;PDS;FH5
2018 DeBerti F-150 Prerunner Truck;TT;FH5
2018 DeBerti Ford Mustang GT;PDS;FH5
2018 DeBerti Wrangler Unlimited;PDS;FH5
1965 DeBerti Chevrolet C10 'Slayer';;FH5
1961 DeBerti Ford Econoline 'Shop Rod';;FH5
1982 DeLorean DMC-12;NA;FH5
2010 Devon GTX GT3;;FH1
2022 Dodge Challenger SRT Super Stock;;FH5
2021 Dodge Durango SRT Hellcat;;FH5
1985 De Tomaso Pantera GT5;NA;FM
2019 Dodge #9 American V8 Road Racing TA Challenger;NA;FM
2018 Dodge Demon F&F Edition;PDS;FM7
2018 Dodge Durango SRT;NA;FH5
2018 Dodge Challenger SRT Demon;PDS;FM
2015 Dodge Challenger R/T F&F Edition;;FH2
2015 Dodge Challenger SRT Hellcat;PDS;FH5
2015 Dodge Challenger SRT Hellcat Battletoads Edition;PDS;FM6
2015 Dodge Challenger SRT Hellcat Horizon Edition;PDS;FH3
2015 Dodge Challenger SRT Hellcat PreOrder Car;PDS;FH3
2015 Dodge Charger R/T F&F Edition;;FH2
2016 Dodge Viper ACR;NA;FM
2015 Dodge Team Forza Challenger SRT Hellcat;PDS;FM6
2015 Dodge Charger SRT Hellcat;PDS;FM
2014 Dodge #93 SRT Motorsports Viper GTS-R;NA;FM
2013 Dodge Dart GT Forza Edition;NA;FM7
2013 Dodge SRT Viper GTS Anniversary Edition;NA;FH5
2005 Dodge SRT-4 ACR;T;FM
2012 Dodge Challenger SRT8 392 (Day One livery);;FH2
2012 Dodge Charger SRT8;NA;FM7
2012 Dodge Charger SRT8 LCE Livery;;FH1
"2010 Dodge Quinton ""Rampage"" Jackson Challenger SRT8 ";;FM4
2009 Dodge Challenger SRT8;;FM4
2008 Dodge #11 Primetime Racing Group Viper CC;;FM4
2008 Dodge #2 Mopar Viper Competition Coupe;;FM4
2008 Dodge Charger Stock Car;NA;FM3
2008 Dodge Magnum SRT8;NA;FH5
2012 Dodge Challenger SRT8;NA;FM
2008 Dodge Viper SRT10 ACR Forza Edition;NA;FM7
2008 Dodge Viper SRT10 ACR Horizon Edition;NA;FH3
2008 Dodge Xbox 360 Charger Stock Car;;FM3
2006 Dodge Challenger Concept;;FM2
2006 Dodge Charger SRT8;;FM4
2006 Dodge Ram SRT10;;FM4
2005 Dodge #77 Team Zakspeed Viper ACR;;FM2
2008 Dodge Viper SRT10 ACR;NA;FM
2004 Dodge #22 3R-Racing Viper Comp Coupe;;FM3
2003 Dodge #126 Team Zakspeed Viper GTS-R;;FM4
2003 Dodge #23 Magellan Financial Viper Comp Coupe;;FM3
2003 Dodge SRT4;;FM3
2003 Dodge Viper Competition Coupe;;FM4
2003 Dodge Viper SRT-10;;FM4
2002 Dodge #1 Team Zakspeed Viper GTS-R;;FM3
2001 Dodge #58 Larbre Competition Viper GTS-R;;FM2
2000 Dodge #57 Carsport Holland Viper GTS-R;;FM3
2000 Dodge #91 Viper Team Oreca GTS-R;;FM4
2000 Dodge Hennessey Viper 800TT;;FM2
1986 Dodge Shelby Omni GLHS;T;FM
1999 Dodge Viper GTS ACR;NA;FM
1996 Dodge Stealth R/T Turbo;TT;FM
1998 Eagle Talon TSi Turbo;T;FM
1970 Dodge Challenger R/T Hemi;;FM3
1970 Dodge Charger R/T F&F Edition;PDS;FM6
1970 Dodge Challenger R/T;NA;FM
1969 Dodge Charger Daytona F&F Edition;NA;FM6
1970 Dodge Coronet Super Bee;NA;FM
1969 Dodge Charger Daytona HEMI Forza Edition;;FM7
1969 Dodge Charger Daytona HEMI;NA;FM
1969 Dodge Charger R/T Forza Edition;NA;FH5
1968 Dodge Charger F&F Edition;NA;FM6
1968 Dodge Charger F&F Edition (Ice);PDS;FM7
1968 Dodge Dart HEMI Super Stock;NA;FH5
1968 Dodge Dart HEMI Super Stock Forza Edition;PDS;FM7
1968 Dodge Dart HEMI Super Stock Horizon Edition;NA;FH3
1967 Dodge Coronet WO23;NA;FM7
1969 Dodge Charger R/T;NA;FM
1975 DS Automobiles DS 23;NA;FH5
2013 Donkervoort D8 GTO;T;FM
2012 Eagle (U.K.) Speedster;NA;FH5
2019 Elemental RP1;T;FM
1967 Eagle-Weslake T1G;NA;FM
2018 Exomotive Exocet Off-Road;T;FH5
2018 Exomotive Exocet Off-Road Forza Edition;T;FH5
1953 Ferrari 500 Mondial;NA;FM
2022 Extreme E #125 ABT Cupra XE;E;FH5
2022 Extreme E #22 JBXE;E;FH5
2022 Extreme E #23 Genesys Andretti United;E;FH5
2022 Extreme E #42 XITE Racing Team;E;FH5
2022 Extreme E #44 X44;E;FH5
2022 Extreme E #5 Veloce Racing;E;FH5
2022 Extreme E #55 ACCIONA / Sainz XE Team;E;FH5
2022 Extreme E #58 McLaren Racing;E;FH5
2022 Extreme E #6 Rosberg X Racing;E;FH5
2022 Extreme E #99 Chip Ganassi Racing GMC Hummer EV;E;FH5
2022 Fast and Furious Dodge Charger SRT Hellcat Redeye Widebody 'Fast X';;FH5
2022 Fast and Furious Flip Car 2.0 'Fast X';;FH5
1973 Fast and Furious Datsun 240Z 'Fast X';;FH5
1970 Fast and Furious Dodge Charger 'Fast X';;FH5
1966 Fast and Furious Chevrolet Impala Super Sport 'Fast X';;FH5
2018 Exomotive Exocet Sport V8 XP-5;NA;FM
2022 Ferrari 296 GTB;TT;FM
2020 Ferrari Roma;TT;FM
2020 Ferrari SF90 Stradale;TT;FM
2019 Ferrari #62 Risi Competizione 488 GTE;TT;FM
2019 Ferrari 488 Pista;TT;FM
2019 Ferrari F8 Tributo;TT;FM
2019 Ferrari Monza SP2;NA;FM
2018 Ferrari FXX-K Evo;NA;FM
2018 Ferrari Portofino;TT;FM
2017 Ferrari #25 Corse Clienti 488 Challenge;TT;FM
2017 Ferrari GTC4Lusso;NA;FH5
2017 Ferrari 812 Superfast;NA;FM
2017 Ferrari J50;TT;FM
2015 Ferrari 488 GTB PreOrder Edition;TT;FH3
2015 Ferrari 488 GTB;TT;FM
2014 Ferrari #51 AF Corse 458 Italia GTE;NA;FM7
2014 Ferrari #62 Risi Competizione 458 Italia GTLM;NA;FM7
2015 Ferrari F12tdf;NA;FM
2014 Ferrari California T;TT;FM
2014 Ferrari FXX K;NA;FM
2013 Ferrari 458 Speciale;NA;FM
2013 Ferrari LaFerrari;NA;FM
2012 Ferrari F12berlinetta;NA;FH4
2012 Ferrari 599XX Evolution;NA;FM
2011 Ferrari 458 Challenge;;FM4
2011 Ferrari 458 Spider;NA;FH1
2011 Ferrari FF;NA;FH4
2010 Ferrari #83 Risi Competizione F430GT;;FM4
2010 Ferrari #89 Hankook Team Farnbacher F430GT;;FM4
2010 Ferrari 599 GTO;NA;FH5
2011 Ferrari #62 Risi Competizione F458 Italia GTC;NA;FM
2010 Ferrari 599XX;NA;FM
2009 Ferrari Team Forza 458 Italia;NA;FM6
2008 Ferrari #71 Tafel Racing F430 GT;;FM3
2008 Ferrari #90 Farnbacher Racing F430GT;;FM4
2008 Ferrari California;NA;FM7
2009 Ferrari 458 Italia;NA;FM
2006 Ferrari #62 Risi Competizione F430GT;;FM4
2006 Ferrari 599 GTB Fiorano;;FM4
2005 Ferrari #11 Larbre Competition 550 Maranello GTS;;FM3
2005 Ferrari FXX;NA;FH5
2004 Ferrari 612 Scaglietti;NA;FM7
2004 Ferrari F430;;FM4
2003 Ferrari #72 Team Alphand Aventures 550 Maranello GTS;;FM3
2003 Ferrari #88 Veloqx / Prodrive Racing 550 Maranello;;FM3
2007 Ferrari 430 Scuderia;NA;FM
2003 Ferrari 360 Challenge Stradale;NA;FM
2002 Ferrari 575M Maranello;NA;FM
1999 Ferrari 360 Modena;;FM4
2002 Ferrari Enzo Ferrari;NA;FM
1998 Ferrari #30 MOMO Doran Racing F333 SP;NA;FM7
1998 Ferrari 355 GTS;;FM1
1998 Ferrari #12 Risi Competizione F333 SP;NA;FM
"1996 Ferrari F50 GT ""Welcome Pack""";NA;FH4
1995 Ferrari F355 Challenge;;FH1
1996 Ferrari F50 GT;NA;FM
1995 Ferrari F50;NA;FM
1994 Ferrari F355 Berlinetta;NA;FM
1992 Ferrari 512 TR;NA;FM
1990 Ferrari #1 Scuderia Ferrari 641;NA;FM
1989 Ferrari F40 Competizione;TT;FM
1987 Ferrari F40;TT;FM
1982 Ferrari #71 Ferrari France 512 BB/LM;NA;FM7
1984 Ferrari 288 GTO;TT;FM
1982 Ferrari #72 N.A.R.T. 512 BB/LM;NA;FM
1971 Ferrari #2 Ferrari Automobili 312 P;NA;FM7
1976 Ferrari #1 Scuderia Ferrari 312 T2;NA;FM
1970 Ferrari 512 S;NA;FM
1968 Ferrari 365 GTB/4;NA;FH5
1969 Ferrari Dino 246 GT;NA;FM
1964 Ferrari 250 GTO;;FM4
1967 Ferrari #24 Ferrari Spa 330 P4;NA;FM
1964 Ferrari F-158;NA;FM
1963 Ferrari 250LM;NA;FM
1962 Ferrari 250 GT Berlinetta Lusso;NA;FM
1957 Ferrari 250 California;NA;FH5
1962 Ferrari 250 GTO;NA;FM
1957 Ferrari 250 Testa Rossa;NA;FM
1952 Ferrari 375;NA;FM7
2017 Ford Focus RS;T;FM
1948 Ferrari 166MM Barchetta;NA;FH4
2010 FIAT Punto Evo SPORT;;FM4
2000 FIAT Coupe 2.0 20V Turbo;;FM4
1980 FIAT 124 Sport Spider;NA;FH5
1975 FIAT X1/9;NA;FH4
1969 FIAT Dino 2.4 Coupe;NA;FH5
1952 FIAT 8V Supersonic;NA;FM7
1948 Ferrari 166 Inter Sport;NA;FM
2024 Ford #130 Mustang RTR;NA;FM
2024 Ford #25 Mustang RTR;NA;FM
2024 Ford #88 Mustang RTR;NA;FM
2024 Ford Mustang Dark Horse;NA;FM
2024 Ford Mustang GT;NA;FM
2024 Ford Mustang GT3;;FM
2023 Ford F-150 Raptor R;;FH5
2023 Ford Fiesta ST;;FH5
2022 Ford Bronco Raptor;;FH5
2022 Ford F-150 Lightning Platinum;E;FH5
2022 Ford Fiesta ST;;FH5
2022 Ford Supervan 4;;FH5
2021 Ford Bronco;TT;FH5
2021 Ford Mustang Mach-E 1400;E;FH5
2020 Ford #2069 Ford Performance Bronco R;TT;FH5
2020 Ford #2069 Ford Performance Bronco R 'Welcome Pack';TT;FH5
2024 Ford NASCAR Next Gen Mustang Dark Horse;NA;FM
2020 Ford Super Duty F-450 DRW Platinum;T;FH5
2019 Ford Ranger Raptor;TT;FH5
2019 Ford Ranger Raptor Traffic;;FH5
2018 Ford #25 Mustang RTR;NA;FH5
2018 Ford #88 Mustang RTR;NA;FH5
2020 Ford Mustang Shelby GT500;PDS;FM
2018 Ford #98 Breathless Pro Racing TA Mustang;NA;FM
2018 Ford Mustang GT DeBerti Design;PDS;FH4
2018 Ford Mustang RTR Spec 5;NA;FH5
2017 Ford #14 Rahal Letterman Lanigan Racing GRC Fiesta;T;FH5
2018 Ford Mustang GT;NA;FM
2017 Ford #22 Team Penske Autotrader Fusion;NA;FM7
2017 Ford #22 Team Penske Duralast GT Fusion;NA;FM7
2017 Ford #22 Team Penske Pennzoil Fusion;NA;FM7
2017 Ford #25 'Brocky' Ultra4 Bronco RTR;NA;FH5
2017 Ford F-150 Raptor;TT;FH5
2017 Ford F-150 Raptor Forza Edition;TT;FM7
2017 Ford F-150 Raptor Horizon Edition;TT;FH3
2017 Ford F-150 Raptor Project Scorpio Edition;TT;FM7
2017 Ford F-150 Raptor Race Truck;TT;FM7
2017 Ford #17 Shell V-Power Racing Team Falcon FG X;NA;FM
2017 Ford Focus RS Forza Edition;T;FM7
2017 Ford Focus RS Horizon Edition;T;FH3
2017 Ford Focus RS Preorder Car;T;FH4
2014 Ford #17 AMD Tuning Focus ST BTCC;T;FM
2017 Ford GT 'OPI Edition';TT;FH5
"2017 Ford GT ""Welcome Pack""";TT;FH4
2017 Ford GT Forza Edition;TT;FM7
2017 Ford GT Horizon Edition;TT;FH3
2017 Ford GT Nutri-Grain Edition;TT;FM6
2017 Ford M-Sport Fiesta RS;T;FH5
2016 Ford #2 Team Penske Alliance Truck Parts Fusion;NA;FM6
2016 Ford #2 Team Penske Brad K. Fusion;NA;FM6
2016 Ford #22 Team Penske AAA Fusion;NA;FM6
2016 Ford #55 Supercheap Falcon FG X;NA;FM7
2017 Ford GT;TT;FM
2016 Ford #66 Ford Racing GT Le Mans;TT;FM
2016 Ford Shelby GT350R Forza Edition;NA;FM7
2016 Ford Shelby GT350R PreOrder Edition;;FH3
2016 Ford Shelby GT-350R;NA;FM
2015 Ford #17 Xbox Racing Ford Falcon FG X;NA;FM7
2015 Ford #5 Pepsi Max Crew PRA Falcon FG X;NA;FM7
2015 Ford #02 Chip Ganassi Racing Riley Mk XXVI Daytona Prototype;TT;FM
2015 Ford Falcon XR8;PDS;FM7
2015 Ford Mustang GT;NA;FM7
2015 Ford NULL CAR;PDS;FM
2015 Ford Team Forza Mustang GT;PDS;FM6
2014 Ford #11 Rockstar F-150 Trophy Truck;NA;FH5
2015 Ford Falcon GT F 351;PDS;FM
2014 Ford Fiesta ST;T;FH5
2014 Ford Fiesta ST (Day One livery);;FH2
2003 Ford Focus RS;T;FM
2014 Ford FPV Limited Edition Pursuit Ute Forza Edition;PDS;FM7
2014 Ford FPV Limited Edition Pursuit Ute Horizon Edition;;FH3
2014 Ford Ranger T6 Rally Raid;NA;FH5
2013 Ford F-150 SVT Raptor Shelby;PDS;FM7
2013 Ford Focus ST;T;FH3
2013 Ford Focus ST (Day One);;FM5
2013 Ford Formula Ford EcoBoost 200;T;FM7
2013 Ford Mustang Boss 302;;FH1
2013 Ford Mustang Boss 302: Pizza Hut edition;;FH1
2014 Ford FPV Limited Edition Pursuit Ute;PDS;FM
2013 Ford Shelby GT500 (Ltd. Ed.);;FM5
2013 Ford Shelby GT500 Rockstar Energy edition;;FH1
2011 Ford #05 Ford Racing Fusion Stock Car;NA;FM4
2011 Ford #17 Dick Johnson Racing Team FG Falcon;;FM4
2011 Ford #19 Mother Energy Racing Team FG Falcon;;FM4
2011 Ford #4 IRWIN Racing FG Falcon;;FM4
2011 Ford #5 Ford Performance Racing FG Falcon;NA;FM5
2011 Ford #9 SP Tools Racing FG Falcon;;FM4
2011 Ford F-150 SVT Raptor;NA;FH5
2011 Ford F-150 SVT Raptor Cheetos Edition;;FH2
2011 Ford F-150 SVT Raptor Halo edition;;FH1
2011 Ford F-150 SVT Raptor LCE Livery;;FH1
2011 Ford Ka;;FM4
2011 Ford Transit SuperSportVan;T;FH5
2011 Ford Transit SuperSportVan Forza Edition;T;FH4
2011 Ford Transit SuperSportVan Traffic;;FH5
2010 Ford Crown Victoria Police Interceptor;NA;FH5
2010 Ford Focus RS500;T;FH1
2010 Ford Fusion Sport;;FM4
2010 Ford Shelby GT500;;FM4
2010 Ford Taurus SHO;;FM4
2009 Ford #1 TeamVodafone FG Falcon;;FM3
2009 Ford #25 Britek Motorsport FG Falcon;;FM3
2009 Ford #40 Robertson Racing Ford GT Mk7;;FM4
2009 Ford #5 Ford Performance Racing FG Falcon;;FM3
2009 Ford #9 SP Tools Racing FG Falcon;;FM3
2009 Ford Fiesta Traffic;;FH5
2009 Ford Fiesta Zetec S;;FH2
2013 Ford Shelby GT500;PDS;FM
2008 Ford Fusion Stock Car;NA;FM3
2007 Ford Shelby GT500;PDS;FM7
2006 Ford Focus ST;;FM4
2006 Ford GTX1;NA;FH1
2009 Ford Focus RS;T;FM
2005 Ford Mustang GT;;FM4
2004 Ford #10 Tiger Racing Mustang;;FM3
2003 Ford F-150 SVT Lightning;PDS;FH5
2005 Ford Ford GT;PDS;FM
2003 Ford FocusSport SVT Focus;;FM2
2003 Ford Mustang SVT Cobra;;FH5
2003 Ford SVT Focus;;FH1
2001 Ford #4 Ford Focus RS;T;FH5
1999 Ford Racing Puma;NA;FM
2000 Ford SVT Cobra R;NA;FM
1999 Ford Racing Puma Forza Edition;T;FH5
1992 Ford Escort RS Cosworth;T;FM
1994 Ford Supervan 3;NA;FH5
1994 Ford Supervan 3 'Donut Media Edition';PDS;FH5
1995 Ford SVT Cobra R;NA;FM
1993 Ford SVT Cobra R Forza Edition;NA;FM7
1993 Ford SVT Cobra R;NA;FM
1992 Ford Escort RS Cosworth Forza Edition;T;FM7
1992 Ford Escort RS Cosworth Horizon Edition;T;FH3
1987 Ford Sierra Cosworth RS500;T;FM
1992 Ford Falcon GT;NA;FM
1991 Ford #15 Roush Racing Whistler Mustang;NA;FM
1986 Ford Escort RS Turbo;T;FM
1986 Ford F-150 XLT Lariat;NA;FH5
1986 Ford Mustang SVO;T;FM
1985 Ford RS200 Evolution;T;FH5
1982 Ford #6 Zakspeed Roush Mustang IMSA GT;T;FM
1981 Ford #2 Zakspeed Racing Capri Turbo;T;FM
1981 Ford #55 Liqui Moly equipe Capri Turbo;T;FM7
1981 Ford Fiesta XR2;NA;FM
1981 Ford Fiesta XR2 Forza Edition;;FM7
1978 Ford Mustang II King Cobra;NA;FM7
1977 Ford #5 Escort RS1800 MkII;NA;FH5
1977 Ford Escort RS1800;NA;FM
1977 Ford Foyt #14 Gilmore Coyote;T;FM5
1975 Ford Bronco;NA;FH5
1975 Ford Bronco Barrett-Jackson Edition;NA;FH4
1975 Ford Bronco Traffic;;FH5
1973 Ford Capri RS3100;NA;FH5
1973 Ford Capri RS3100 Forza Edition;NA;FH4
1973 Ford Escort RS1600;NA;FM
1973 Ford Pinto;;FM4
1966 Ford Lotus Cortina;NA;FM
1973 Ford XB Falcon GT;NA;FM
1972 Ford Falcon XA GT-HO Forza Edition;NA;FH4
1971 Ford Falcon XY GTHO Phase III;NA;FM7
1971 Ford Mustang Mach 1;NA;FH5
1972 Ford Falcon XA GT-HO;NA;FM
1970 Ford Escort RS1600 F&F Edition;NA;FM6
1970 Ford GT70;NA;FH5
1970 Ford Mustang Boss 429;;FH1
1969 Ford Brawner Hawk III;T;FM7
1970 Ford #15 Mustang Boss 302 Trans Am;NA;FM
1969 Ford Mustang Boss 302 Forza Edition;NA;FM7
1969 Ford Mustang Boss 302 Horizon Edition;NA;FH3
1969 Ford Mustang Boss 302;NA;FM
1967 Ford Falcon XR GT;NA;FM7
1967 Ford Racing Escort Mk1;NA;FH5
1968 Ford Mustang GT 2+2 Fastback;NA;FM
1966 Ford Country Squire;NA;FM6
1966 Ford F-100 Flareside Abatti Racing Trophy Truck;NA;FH3
1966 Ford #2 GT40 MkII Le Mans;NA;FM
2019 Ginetta G40 Junior;NA;FM
1965 Ford Transit;NA;FH5
1964 Ford Fairlane Thunderbolt;NA;FM7
1965 Ford Mustang GT Coupe;NA;FM
1959 Ford Anglia 105E;NA;FH5
1957 Ford Thunderbird;;FM4
1956 Ford F-100;NA;FH5
1956 Ford F-100 Forza Edition;;FM7
1946 Ford Super Deluxe Station Wagon;NA;FH5
1946 Ford Super Deluxe Station Wagon Forza Edition;;FM7
1940 Ford De Luxe Coupe;NA;FH5
"1932 Ford Custom ""Double Down""";NA;FH4
1932 Ford De Luxe Five-Window Coupe;NA;FH5
1932 Ford De Luxe Five-Window Coupe Forza Edition;NA;FH5
"1932 Ford Roadster ""Hula Girl""";PDS;FH4
2023 Formula Drift #64 Forsberg Racing Nissan Z;TT;FH5
1964 Ford GT40 Mk I;NA;FM
2020 Formula Drift #151 Toyota GR Supra;T;FM
2019 Formula Drift #411 Toyota Corolla Hatchback;T;FH5
2018 Formula Drift #64 Nissan 370Z;TT;FH5
2017 Formula Drift #357 Chevrolet Corvette Z06;PDS;FH5
2020 Formula Drift #91 BMW M2;NA;FM
2016 Formula Drift #530 HSV Maloo Gen-F;PDS;FM
2013 Formula Drift #777 Chevrolet Corvette;PDS;FH5
2009 Formula Drift #99 Mazda RX-8;T;FH5
2007 Formula Drift #117 599 GTB Fiorano;NA;FH5
2015 Formula Drift #13 Ford Mustang;PDS;FM
2006 Formula Drift #43 Dodge Viper SRT10;TT;FM
2001 Formula Drift #215 Nissan Silvia Spec-R;T;FM
1996 Formula Drift #232 Nissan 240SX;T;FH4
1996 Formula Drift #51 Donut Media Nissan 240SX;PDS;FH5
1995 Formula Drift #118 Nissan 240SX;PDS;FH4
1997 Formula Drift #777 Nissan 240SX;CS;FM
1989 Formula Drift #98 BMW 325i;PDS;FH5
2017 Formula E #11 ABT Schaeffler Audi Sport FE02;E;FM7
2017 Formula E #28 MS Amlin Andretti ATEC-02;E;FM7
2017 Formula E #33 Techeetah Z.K. 16;E;FM7
2017 Formula E #47 Panasonic Jaguar Racing I-Type 1;E;FM7
2015 Formula E #10 Trulli Spark SRT_01E;E;FM6
2015 Formula E #11 ABT FE 01;E;FM6
2015 Formula E #2 Virgin Racing VIR 01E;E;FM7
2015 Formula E #21 Mahindra  M2Electro;E;FM7
2015 Formula E #23 Venturi 1;E;FM7
2015 Formula E #27 Andretti Formula E Spark SRT_01E;E;FM6
2015 Formula E #55 Amlin Aguri Spark SRT_01E;E;FM6
2015 Formula E #6 Dragon Racing Spark SRT_01E;E;FM7
2015 Formula E #9 e.dams-Renault Spark SRT_01E;E;FM6
2015 Formula E #99 NEXTEV TCR FE01;E;FM7
2021 Forsberg Racing Nissan 'Altimaniac';TT;FH5
2014 Forsberg Racing Nissan 'SafariZ' 370Z Safari Rally Tribute;NA;FH5
2010 Forsberg Racing Toyota Gumout 2JZ Camry Stock Car;T;FH5
1995 Formula Drift #34 Toyota Supra MKIV;T;FM
2018 Funco Motorsports F9;TT;FH5
"1975 Forsberg Racing Nissan ""Gold Leader"" Datsun 280Z";T;FM
2019 Ginetta G10 RM;;FH5
2019 Ginetta #6 Team LNT Ginetta G60-LT-P1;TT;FM
2020 Honda #73 LA Honda World Racing Civic;T;FM
2022 GMC Barbie Movie' HUMMER EV PICKUP;E;FH5
2022 GMC HUMMER EV Pickup;E;FH5
1992 GMC Typhoon;T;FH5
1991 GMC Syclone;T;FH5
1983 GMC Vandura G-1500;NA;FH5
1970 GMC Jimmy;NA;FH5
2019 Ginetta G55 GT4;NA;FM
2012 Gumpert Apollo Enraged;;FH1
2010 Gumpert Apollo S;;FH1
2022 Gordon Murray Automotive T.50;NA;FM
2021 Hennessey Venom F5;TT;FH5
1985 HDT VK Commodore Group A;NA;FM
2019 Hennessey VelociRaptor 6x6;TT;FH5
2012 Hennessey Venom GT;TT;FH5
1966 Hillman Imp;NA;FH4
2019 Hennessey Camaro Exorcist;PDS;FM
2016 Holden #22 HRT Sharkbite VF Commodore;NA;FM7
2015 Holden #1 Red Bull Racing Australia VF Commodore;NA;FM6
2015 Holden #14 Freightliner Racing VF Commodore;NA;FM7
2015 Holden #22 Holden Racing Team VF Commodore;NA;FM7
2015 Holden #97 Tekno Autosports VF Commodore;NA;FM7
2017 Holden #22 Walkinshaw Performance VF Commodore;NA;FM
2011 Holden #1 Toll Holden Racing Team Commodore VE;NA;FM5
2011 Holden #11 Pepsi Max Crew Commodore VE;;FM4
2011 Holden #33 Fujitsu Facing GRM Commodore VE;;FM4
2011 Holden #8 Team BOC Commodore VE;;FM4
2011 Holden #88 TeamVodafone Commodore VE;;FM4
2009 Holden #2 Toll Holden Racing Team Commodore VE;;FM3
2009 Holden #33 Garry Rogers Team Commodore VE;;FM3
2009 Holden #39 Supercheap Auto Racing Commodore VE;;FM3
2009 Holden #51 Sprint Gas Racing Commodore VE;;FM3
2009 Holden HSV w427;NA;FM7
2013 Holden #10 Holden Xbox Racing Team Commodore VF;NA;FM
1991 Holden HSV Commodore Group A SV;NA;FM
1988 Holden VL Commodore Group A SV;NA;FM
1977 Holden Torana A9X Forza Edition;PDS;FM7
1977 Holden Torana Horizon Edition;NA;FH3
1974 Holden Sandman HQ panel van;NA;FH5
1977 Holden Torana A9X;NA;FM
1973 Holden HQ Monaro GTS 350;NA;FM
1951 Holden 50-2106 FX Ute;NA;FM7
1951 Holden FX Sedan;NA;FH3
1968 Holden Monaro GTS 327;NA;FM
2019 Honda #15 Rahal Letterman Lanigan Racing Dallara;;FM7
2019 Honda #9 Chip Ganassi Racing Dallara;;FM7
2025 Honda IndyCar;TT;FM
2018 Honda Civic Type R;T;FM
2018 Honda Odyssey;NA;FM7
2017 Honda #5 Schmidt Peterson Motorsport IndyCar;TT;FM7
2017 Honda #9 Chip Ganassi Racing IndyCar;TT;FM7
2016 Honda Civic Coupe ;TT;FH5
2016 Honda Civic Type R;T;FH5
2016 Honda Civic Type R Forza Edition;T;FM7
2015 Honda #14 AJ Foyt Enterprises IndyCar;TT;FM6
2015 Honda #15 Rahal Letterman Lanigan Racing IndyCar;TT;FM6
2015 Honda #25 Andretti Autosport IndyCar;TT;FM6
2015 Honda #27 Andretti Autosport IndyCar;TT;FM6
2015 Honda #28 Andretti Autosport IndyCar;TT;FM6
2015 Honda #5 Schmidt Peterson Motorsports IndyCar;TT;FM6
2015 Honda #7 Schmidt Peterson Motorsports IndyCar;TT;FM6
2015 Honda Ridgeline Baja Trophy Truck;TT;FH5
2014 Honda #2 Castrol Honda Civic WTCC;T;FM7
2014 Honda #5 Zengo Motorsport Civic WTCC;T;FM7
2014 Honda Civic Si;NA;FM7
2013 Honda #15 Rahal Letterman Dallara DW12;TT;FM5
2013 Honda #9 Target Chip Ganassi Dallara DW12;;FM5
2013 Honda Civic Si Coupe;;FH1
2012 Honda HPD Fit;;FH1
2011 Honda #33 Level 5 Motorsports Lola;;FM4
2011 Honda CR-Z EX;;FM4
2010 Honda Mugen Civic Type-R 3D;;FM4
2009 Honda Fit Sport;;FM4
2009 Honda S2000 CR;NA;FM
2007 Honda Civic Type-R ;NA;FH5
2006 Honda Civic Si Coupe;;FM4
2005 Honda #18 Takata Dome NSX;;FM4
2005 Honda #8 ARTA NSX;;FM3
2004 Honda Civic Type R;NA;FM
2005 Honda NSX-R GT;NA;FH5
2005 Honda Team Forza NSX-R;NA;FM6
2004 Honda Accord Coupe EX;;FM1
2005 Honda NSX-R;NA;FM
2004 Honda Mugen Civic Type-R;;FM4
2004 Honda Wings West Civic Si;;FM2
2003 Honda #16 G'ZOX NSX;;FM3
2003 Honda Mugen S2000;;FM2
2003 Honda S2000;NA;FH5
2002 Honda Integra Type-R;;FH1
2002 Honda Mugen Integra Type-R;;FM4
2001 Honda S2000 F&F Edition;CS;FM6
2000 Honda Aerogear Integra Type-R;;FM2
2000 Honda Integra Type-R;;FM4
2000 Honda Prelude Type SH;NA;FM
1999 Honda Civic Si Coupe;;FM4
1997 Honda Civic Type R;NA;FM
1997 Honda Civic Type R Forza Edition;NA;FM7
1995 Honda CR-X Del Sol SiR;;FM4
1994 Honda Civic 1.5 VTi;;FM4
1994 Honda Do-Luck NSX;;FM2
1994 Honda Prelude Si;NA;FH5
1991 Honda CR-X SiR;NA;FM
1992 Honda NSX-R;NA;FM
1986 Honda Civic Si;NA;FM7
1984 Honda Civic CRX Mugen;NA;FH5
1974 Honda Civic RS;NA;FH5
1970 Honda S800;NA;FM
2022 Hyundai Elantra N;T;FM
2017 Hoonigan Gymkhana 10 Ford Fiesta ST;T;FH4
2016 Hoonigan Gymkhana 10 Ford Focus RS RX;T;FH5
2016 Hoonigan Gymkhana 9 Ford Focus RS RX;T;FH5
"2016 Hoonigan Gymkhana 9 Ford Focus RS RX ""Welcome Pack""";T;FH4
2015 Hoonigan Gymkhana 8 Ford Fiesta ST RX43;TT;FH4
2003 Hoonigan Holden Commodore Ute;CS;FM7
1994 Hoonigan Ford Escort RS Cosworth WRC 'Cossie V2';T;FH5
1992 Hoonigan Mazda RX-7 Twerkstallion;T;FH5
1991 Hoonigan Gymkhana 10 Ford Escort Cosworth Group A;T;FH5
1991 Hoonigan Rauh-Welt Begriff Porsche 911 Turbo;T;FH5
1986 Hoonigan Ford RS200 Evolution; T;FH5
"1979 Hoonigan Baldwin Motorsports ""Loki"" K5 Blazer";NA;FH3
1978 Hoonigan Ford Escort RS1800;NA;FH5
1977 Hoonigan Gymkhana 10 Ford F-150 'Hoonitruck';TT;FH5
1974 Hoonigan Ford Bronco;NA;FH4
1973 Hoonigan Volkswagen Baja Beetle Class 5/1600 'Scumbug';NA;FH5
1972 Hoonigan Chevrolet Napalm Nova;NA;FH5
"1965 Hoonigan Ford ""Hoonicorn"" Mustang";TT;FH5
1965 Hoonigan Gymkhana 10 Ford Hoonicorn Mustang;TT;FH5
1955 Hoonigan Chevrolet Bel Air;NA;FH5
2018 Hot Wheels 2JetZ;T;FH5
2013 Hot Wheels Baja Bone Shaker;PDS;FH5
2012 Hot Wheels Bad to the Blade;NA;FH5
2012 Hot Wheels Rip Rod;NA;FH5
2011 Hot Wheels Bone Shaker;NA;FH5
2005 Hot Wheels Ford Mustang;PDS;FH5
2000 Hot Wheels Deora II;PDS;FH5
1972 Hot Wheels Chevrolet LUV;PDS;FH4
1970 Hot Wheels Chevrolet Corvette ZR-1 50th Anniversary Original Version;NA;FM7
1970 Hot Wheels Pontiac Firebird Trans Am Custom;NA;FH5
1969 Hot Wheels Chevrolet Camaro Super Sport Coupe 50th Anniversary Original Version;NA;FM7
1969 Hot Wheels International-Harvester Loadstar C0-1600;PDS;FH4
1969 Hot Wheels Twin Mill;PDS;FH5
1963 Hot Wheels Volkswagen Beetle 50th Anniversary Original Version;NA;FM7
1957 Hot Wheels Nash Metropolitan Custom;NA;FH5
1957 Hot Wheels Studebaker Golden Hawk 'Dream Roadster';NA;FH4
1949 Hot Wheels Ford F-5 Dually Custom Hot Rod;T;FH5
1967 Honda RA300;NA;FM
2014 HSV GEN-F GTS;PDS;FM
2014 HSV Limited Edition Gen-F GTS Maloo;PDS;FM
2011 HSV GTS;NA;FM
1952 Hudson Hornet;NA;FH4
2006 Hummer H1 Alpha;T;FH5
2006 Hummer H1 Alpha Open Top;T;FH4
1996 HSV GTSR;NA;FM
2023 Hyundai IONIQ 5 N;E;FM
2022 Hyundai IONIQ 6;;FH5
2022 Hyundai Kona N;;FH5
2022 Hyundai N Vision 74;;FH5
2021 Hyundai #98 Bryan Herta Autosport Elantra N;T;FM
2021 Hyundai i20 N;T;FM
2020 Hyundai #98 Bryan Herta Autosport Veloster N;T;FM
2020 Hyundai i30 N;T;FM
2019 Hyundai Veloster N;T;FM
2019 Hyundai Veloster N Forza Edition;T;FM
2019 Hyundai Veloster Turbo;T;FM7
2013 Hyundai Genesis Coupe;NA;FH1
2013 Hyundai Genesis Coupe 3.8 Track;NA;FH3
2013 Hyundai Veloster Turbo;T;FM7
2011 Hyundai #67 Rhys Millen Racing Veloster;;FM4
2011 Hyundai ix20;;FM4
2010 Hyundai Forza 3 Genesis Coup;;FM3
2010 Hyundai Forza Motorsport Genesis Coupe;;FM4
2010 Hyundai Genesis Coupe;;FM4
2010 Hyundai HKS Genesis Coupe ;;FM3
2010 Hyundai Rhys Millen Racing Genesis Coupe;;FM4
2003 Hyundai Tiburon GT;;FM1
2003 Hyundai Tuscani Elisa;;FM4
2015 Infiniti Q60 Concept;TT;FH5
2014 Infiniti Q50 Eau Rouge;TT;FM
2014 Infiniti Q50S;NA;FM5
2013 Infiniti #77 Schmidt Peterson Motorsports Dallara IPS Indy Lights;NA;FM5
2012 Infiniti IPL G Coupe;NA;FM
2008 Infiniti G37 Coupe Sport;;FM4
2003 Infiniti G35 Coupe;NA;FM
1970 International Scout 800A;NA;FH5
2019 Italdesign DaVinci Concept;E;FH5
2018 Italdesign Zerouno;NA;FH5
2020 Jaguar F-Type SVR;;FH5
2019 Jaguar XE SV Project 8;;FH5
2018 Jaguar I-PACE;E;FH5
2017 Jaguar F-PACE S;PDS;FH5
2016 Jaguar F-TYPE Project 7;PDS;FH5
2016 Jaguar F-TYPE Project 7 Forza Edition;PDS;FM7
2016 Jaguar F-TYPE Project 7 Horizon Edition;PDS;FH3
2016 Jaguar F-TYPE Project 7 PreOrder;;FH3
2015 Jaguar F-TYPE R Coupé;PDS;FM
2015 Jaguar F-TYPE R Coupe F&F Edition;PDS;FM7
2015 Jaguar XE-S;PDS;FH5
2015 Jaguar XFR-S;PDS;FM
2015 Jaguar XKR-S GT;PDS;FM
2014 Jaguar #14 Emil Frey GT3 Jaguar XK;NA;FM7
2012 Jaguar XKR-S;PDS;FH5
2010 Jaguar #33 RSR XKR GT;;FM4
2010 Jaguar C-X75;T;FH5
2010 Jaguar XFR;;FM4
2009 Jaguar XKR-S;;FM4
2007 Jaguar XK Coupe;;FM2
1993 Jaguar XJ220;TT;FM
1993 Jaguar XJ220 Forza Edition;TT;FM7
1993 Jaguar XJ220 Horizon Edition;TT;FH3
1993 Jaguar XJ220S TWR;TT;FM
1991 Jaguar Sport XJR-15;NA;FM
1990 Jaguar XJ-S;NA;FH4
1988 Jaguar #1 Jaguar Racing XJR-9;NA;FM
1988 Jaguar #60 Castrol Jaguar Racing XJR-9;NA;FM7
1983 Jaguar #44 Group 44 XJR-5;NA;FM
1966 Jaguar XJ13;NA;FH5
1964 Jaguar Lightweight E-Type;NA;FH5
1961 Jaguar E-type;NA;FM
1959 Jaguar Mk II 3.8;NA;FM
1956 Jaguar D-Type;NA;FM
1954 Jaguar XK120 SE;NA;FH4
1953 Jaguar C-Type;NA;FH5
2015 James Bond Edition Aston Martin DB10 ;NA;FH4
1999 James Bond Edition BMW Z8 ;NA;FH4
1986 James Bond Edition Aston Martin V8 ;NA;FH4
1981 James Bond Edition Citroen 2CV6 ;NA;FH4
1977 James Bond Edition Lotus Esprit S1 ;NA;FH4
1974 James Bond Edition AMC Hornet X Hatchback;NA;FH4
1964 James Bond Edition Aston Martin DB5 ;NA;FH4
2020 Jeep Gladiator Rubicon;NA;FH5
2018 Jeep Grand Cherokee Trackhawk;PDS;FH5
2016 Jeep Trailcat;PDS;FH5
2014 Jeep Grand Cherokee SRT;NA;FH5
2013 Jeep Wrangler Unlimited F&F Edition;;FH2
2012 Jeep Grand Cherokee SRT8;NA;FH1
2012 Jeep Wrangler Rubicon;NA;FH5
2012 Jeep Wrangler Rubicon Traffic;;FH5
2009 Jeep Grand Cherokee SRT8;NA;FM7
1991 Jeep Grand Wagoneer;NA;FM7
1976 Jeep CJ5 Renegade;NA;FH5
"1976 Jeep CJ5 Renegade ""Welcome Pack""";;FH4
2020 Jimco #179 Hammerhead Class 1;NA;FH5
2019 Jimco #240 Fastball Racing Spec Trophy Truck;NA;FH5
2010 Joss JT1;NA;FH1
2023 KIA EV6 GT;;FH5
2018 Kia Stinger;TT;FH4
2011 Kia cee'd;NA;FM5
2010 Kia Forte Koup SX;;FM4
2020 Koenigsegg Jesko;TT;FM
2017 Koenigsegg Agera RS;TT;FM
2016 Koenigsegg Regera;TT;FH5
2015 Koenigsegg One:1;TT;FM
2011 Koenigsegg Agera;TT;FH5
2009 Koenigsegg CCX-R Edition;;FH1
2008 Koenigsegg CCGT;NA;FH5
2006 Koenigsegg CCX;PDS;FH5
2002 Koenigsegg CC8S;CS;FH5
2020 KTM X-Bow GT2;T;FM
2018 KTM X-Bow GT4;T;FM
2013 KTM X-Bow R;T;FM
2024 Lamborghini Revuelto;NA;FM
2024 Lamborghini SC63;TT;FM
2023 Lamborghini Huracán Tecnica;NA;FH5
2022 Lamborghini Huracán EVO Spyder;NA;FM
2021 Lamborghini Aventador LP 780-4 Ultimae;;FH5
2021 Lamborghini Countach LPI 800-4;NA;FM
2020 Lamborghini Essenza SCV12;NA;FM
2020 Lamborghini Huracán EVO;NA;FM
2020 Lamborghini Huracán STO;NA;FM
2020 Lamborghini SC20;NA;FH5
2020 Lamborghini Sián Roadster;NA;FH5
2019 Lamborghini Sián FKP 37;NA;FM
2019 Lamborghini Urus;TT;FH5
2018 Lamborghini #63 Squadra Corse Huracán Super Trofeo Evo;NA;FM
2018 Lamborghini Aventador SVJ;NA;FM
2018 Lamborghini Huracán Performante;NA;FM
2016 Lamborghini Aventador Superveloce;NA;FM
2016 Lamborghini Centenario LP 770-4;NA;FM
2015 Lamborghini #63 Squadra Corse Huracan LP620-2 Super Trofeo;NA;FM
2014 Lamborghini #14 GMG Racing LP 570-4 Super Trofeo;NA;FM7
2014 Lamborghini #18 DragonSpeed Gallardo LP 570-4 Super Trofeo;NA;FM7
2014 Lamborghini Huracán LP 610-4;NA;FM
2014 Lamborghini Huracan LP 610-4 Horizon Edition;NA;FH3
2014 Lamborghini Team Forza Huracan LP 610-4;NA;FM6
2014 Lamborghini Urus concept;TT;FH4
2013 Lamborghini Veneno;NA;FM
2012 Lamborghini Aventador J;NA;FM
2012 Lamborghini Aventador LP700-4;NA;FH5
"2012 Lamborghini Aventador LP700-4 ""Welcome Pack""";NA;FH4
2012 Lamborghini Aventador LP700-4 Forza Edition;NA;FH4
2012 Lamborghini Gallardo LP 570-4 Spyder Performante;NA;FH5
2011 Lamborghini #08 West Yokohama Gallardo LP560-4;;FM4
2011 Lamborghini Gallardo LP 570-4 Superleggera;NA;FM
2011 Lamborghini Gallardo LP570-4 Superleggera (Day One);;FM5
2011 Lamborghini Sesto Elemento;NA;FM
2011 Lamborghini Sesto Elemento Forza Edition;NA;FH5
2010 Lamborghini Murciélago LP 670-4 SV;NA;FM
2009 Lamborghini Reventon Roadster;;FH1
2008 Lamborghini Revénton;NA;FM
2008 Lamborghini Reventon Forza Edition;NA;FH4
2007 Lamborghini Gallardo Superleggera;;FM4
2007 Lamborghini Murcielago LP640;;FM4
2006 Lamborghini Miura Concept;;FH1
2005 Lamborghini Gallardo;;FM4
2005 Lamborghini Murcielago;;FM4
1999 Lamborghini Diablo GTR;NA;FM
1997 Lamborghini Diablo SV;NA;FM
1988 Lamborghini Countach LP5000 QV;NA;FM
1988 Lamborghini Countach LP5000 QV Horizon Edition;NA;FH3
1988 Lamborghini Jalpa;NA;FM7
1986 Lamborghini LM 002;NA;FH5
1973 Lamborghini Espada 400 GT;NA;FM
1972 Lamborghini Jarama S;NA;FM
1967 Lamborghini Miura P400;NA;FM
1992 Lancia Delta HF Integrale EVO;T;FM
1986 Lancia Delta S4;T;FH5
1985 Lancia Delta S4 Group B;T;FM7
1982 Lancia 037 Stradale;PDS;FH5
1980 Lancia #31 Lancia Corse Beta Montecarlo Turbo;T;FM7
1975 Lancia Stratos HF Group 4;NA;FM7
1974 Lancia Stratos HF Stradale;NA;FH5
1968 Lancia Fulvia Coupe Rallye 1.6 HF;NA;FH5
2020 Land Rover Defender 110 X;T;FH5
2018 Land Rover Range Rover Velar First Edition;PDS;FH5
2015 Land Rover Range Rover Sport SVR;PDS;FH5
2014 Land Rover Range Rover Supercharged;PDS;FH3
2012 Land Rover Range Rover Supercharged;PDS;FM7
2008 Land Rover Range Rover Supercharged;;FM4
1997 Land Rover Defender 90;NA;FH5
1973 Land Rover Range Rover;NA;FH5
1972 Land Rover Series III;NA;FH5
1972 Land Rover Series III;;FH5
1972 Land Rover Series III Forza Edition;NA;FH4
2019 LEGO Speed Champions Bugatti Chiron;TT;FH4
2019 LEGO Speed Champions McLaren Senna;TT;FH4
1987 LEGO Speed Champions Ferrari F40 Competizione;TT;FH4
1974 LEGO Speed Champions Porsche 911 Turbo 3.0;T;FH4
1967 LEGO Speed Champions Mini Cooper S Rally;T;FH4
2021 Lexus LC 500;NA;FM
2020 Lexus #14 VASSER SULLIVAN RC F GT3;NA;FM
2020 Lexus RC F Track Edition;NA;FM
2015 Lexus RC F;NA;FM
2014 Lexus IS 350 F Sport;NA;FM
2013 Lexus GS350 F Sport;NA;FM
2012 Lexus LFA Nurburgring Edition;;FH1
2011 Lexus CT200h;;FM4
2010 Lexus #1 Petronas Tom's SC430;;FM4
2010 Lexus LFA;NA;FM
2009 Lexus IS F;NA;FH4
2008 Lexus #25 Eclipse Advan SC430;;FM4
2008 Lexus #36 Petronas Tom's SC430;;FM3
2008 Lexus #6 Eneos SC430;;FM4
2006 Lexus IS350;;FM4
2003 Lexus Foose Design IS430 Project Car;;FM2
2003 Lexus IS300;;FM4
2002 Lexus SC430;;FM4
1997 Lexus SC300;NA;FH5
2016 Ligier #11 Euro International JS P3;NA;FM
2017 Lincoln Continental;TT;FM7
1962 Lincoln Continental;;FH5
2014 Local Motors Rally Fighter;NA;FH5
2014 Local Motors Rally Fighter F&F Edition;PDS;FM7
1969 Lola #10 Simoniz Special T163;NA;FM
1969 Lola #6 Sunoco T70 MkIIIB;NA;FM
2023 Lotus Emira;PDS;FM
2020 Lotus Evija;E;FM
2020 Lotus Evora GT430;PDS;FM
2015 Lotus E23;T;FM6
2013 Lotus E21;NA;FM5
2012 Lotus Exige S;PDS;FH5
2016 Lotus 3-Eleven;PDS;FM
2009 Lotus 2-Eleven;PDS;FH5
2009 Lotus Evora;;FM4
2009 Lotus Evora Type 124 Endurance Racecar;;FM4
2006 Lotus Exige Cup 240;;FH1
2005 Lotus Elise;;FM1
2005 Lotus Elise 111S;NA;FH4
2005 Lotus Exige;;FM2
2005 Lotus Exige Espionage;;FM2
2003 Lotus Elise 135R;;FM2
2011 Lotus Evora S;PDS;FM
2000 Lotus 340R;NA;FH5
1999 Lotus Elise Series 1 Sport 190;NA;FH5
1997 Lotus Elise GT1;TT;FH5
2002 Lotus Esprit V8;TT;FM
1980 Lotus Esprit Turbo;;FM4
1986 Lotus #12 Team Lotus 98T;TT;FM
1976 Lotus #5 Team Lotus 77;NA;FM
1971 Lotus Elan Sprint;NA;FM
1967 Lotus Type 49;NA;FM
1965 Lotus #1 Team Lotus Type 40;NA;FM
1956 Lotus Eleven;NA;FH4
2023 Lucid Air Sapphire;;FH5
2022 Lynk & Co 05+;;FH5
2021 Lynk & Co 02 Hatchback;;FH5
1965 Lotus Team Lotus type 35;NA;FM
2020 Lynk & Co #100 Cyan Racing 03;T;FH5
2021 Lynk & Co 03+;T;FM
2017 Maserati Levante S;TT;FH5
2014 Maserati #35 M.Calamia Swiss Team MC Trofeo;NA;FM7
2014 Maserati Ghibli S F&F Edition;;FH2
2020 Lynk & Co #62 Cyan Racing 03;T;FM
2011 Maserati Quattroporte Sport GT S;;FM4
2010 Maserati Gran Turismo S;NA;FH5
2010 Maserati Gran Turismo S Forza Edition;NA;FH5
2010 Maserati GranTurismo MC GT4;;FM4
2008 Maserati GranTurismo;;FM3
2008 Maserati MC12 Versione Corsa;NA;FH5
2006 Maserati GranSport;;FM4
2006 Maserati MC12 Corsa;;FM2
2005 Maserati #15 JMB Racing MC12;;FM4
2005 Maserati #35 Risi Competizione MC12;;FM3
2005 Maserati #9 Vitaphone Racing Team MC12;;FM3
2014 Maserati Ghibli S Q4;TT;FM
2004 Maserati MC12 Forza Edition;NA;FH4
2004 Maserati MC12;NA;FM
1997 Maserati Ghibli Cup;TT;FM
1957 Maserati 250F;NA;FM7
1961 Maserati Tipo 61 Birdcage;NA;FM
1957 Maserati 300 S;NA;FM
1953 Maserati A6GCS/53 PininFarina Berlinetta;NA;FM
1939 Maserati 8CTF;PDS;FM
1970 Matra-Simca #146 Equipe Matra-Simca MS650 Tour de France;NA;FM
2022 Mazda MX-5 Miata RF;NA;FM
2017 Mazda MX-5 Cup;NA;FM
2016 Mazda MX-5 Forza Edition;NA;FM7
2016 Mazda MX-5 Pringles Edition;NA;FM6
2016 Mazda Team Forza MX-5;NA;FM6
2016 Mazda MX-5;NA;FM
2015 Mazda Formula Mazda;NA;FM
2013 Mazda #7 Andretti Autosport USF2000;NA;FM5
2014 Mazda #70 SpeedSource Lola B12/80;TT;FM
2013 Mazda MX-5 Cup;NA;FM7
2011 Mazda 2;;FM4
2013 Mazda MX-5;NA;FM
2010 Mazda #16 Dyson Racing B09/86;;FM4
2011 Mazda RX-8 R3;NA;FM
2010 Mazda 3 Traffic;;FH5
2010 Mazda Mazdaspeed 3;T;FM7
2010 Mazda MX-5 Super20;PDS;FM7
2010 Mazda MX-5 Superlight;;FH1
2009 Mazda #16 Dyson Racing B09/86;;FM4
2009 Mazda Mazdaspeed 3;;FM4
2010 Mazda #16 Mazda Racing B09/86;T;FM
2007 Mazda MX-5 Roadster Coupe;;FM4
2005 Mazda Axela Sport 23S;;FM4
2005 Mazda Mazdaspeed MX-5;T;FH5
2004 Mazda 3 Sport;;FM1
2004 Mazda RX-8;;FM1
2004 Mazda RX-8 Mazdaspeed;;FH1
2003 Mazda Protege MAZDASPEED;;FM1
2008 Mazda Furai;NA;FM
2002 Mazda RX-7 Spirit-R;;FM1
2001 Mazda Mazdaspeed Familia;;FM4
2001 Mazda Mazdaspeed Roadster;;FM4
2000 Mazda Miata MX-5 1.8i Sport;;FM1
2000 Mazda MX-5 MAZDASPEED;;FM1
2002 Mazda RX-7 Spirit R Type-A;TT;FM
1995 Mazda AB Flug RX-7;;FM2
1995 Mazda INGS RX-7;;FM2
1995 Mazda RE-Amemiya RX-7;;FM2
1995 Mazda RX-7 Turbo;;FM1
1997 Mazda RX-7;TT;FM
1994 Mazda MX-5 Miata;NA;FM
1991 Mazda #18 787B;NA;FM7
1992 Mazda 323 GT-R;T;FM
1991 Mazda #55 Mazda 787B;NA;FM
1991 Mazda #62 RX-7;NA;FM
1990 Mazda RX-7 Turbo;;FM1
1990 Mazda MX-5 Miata;NA;FM
1990 Mazda Savanna RX-7;T;FM
1985 Mazda RX-7 GSL-SE;NA;FM
1973 Mazda RX-3;NA;FM
1972 Mazda Cosmo 110S Series II;NA;FM
2023 McLaren Artura;TT;FM
2021 McLaren 620R;TT;FM
2021 McLaren 765LT Coupe;TT;FM
2021 McLaren Sabre;TT;FM
2020 McLaren GT;TT;FM
2019 McLaren #03 720S GT3;TT;FM
2019 McLaren 720S Spider;TT;FM
2019 McLaren Speedtail;TT;FH5
2019 McLaren Senna GTR;TT;FM
2018 McLaren 600LT Coupé;TT;FM
2018 McLaren 720S Coupe Preorder Car;TT;FH4
2018 McLaren 720S Coupe;TT;FM
2015 McLaren 570S Coupe;TT;FH5
2018 McLaren Senna;TT;FM
2015 McLaren 650S Coupe;TT;FM
2014 McLaren #60 Bhaitech 12C GT3;TT;FM7
2014 McLaren #98 ART Grand Prix 12C GT3;TT;FM6
2014 McLaren 650S Spider;TT;FH5
2015 McLaren P1 GTR;TT;FM
2013 McLaren P1 'Owen's Edition';TT;FH4
2013 McLaren P1 (Ltd. Ed.);;FM5
2013 McLaren Team Forza P1;TT;FM6
2011 McLaren #59 McLaren GT 12C GT3;TT;FM7
2011 McLaren 12C Coupe;TT;FH5
2011 McLaren MP4-12C (livery);;FM5
1998 McLaren #41 Gulf Team Davidoff McLaren F1 GTR;;FM4
1997 McLaren #41 Team McLaren F1 GTR;;FM3
1997 McLaren #43 Team BMW McLaren F1 GTR;;FM4
2013 McLaren P1;TT;FM
1997 McLaren F1 GT;NA;FM
1993 McLaren F1;NA;FM
1988 McLaren #12 Honda McLaren MP4/4;TT;FM
1976 McLaren #11 Team McLaren M23;NA;FM
1969 McLaren #4 McLaren Cars M8B;NA;FM
1966 McLaren #4 Bruce McLaren Motor Racing M1B;NA;FM
1966 McLaren M2B;NA;FM
2021 Mercedes-AMG SL 63;;FH5
2021 Mercedes-AMG Mercedes-AMG ONE;T;FM
2020 Mercedes-AMG GT Black Series;TT;FM
2018 Mercedes-AMG E 63 S;TT;FM
2018 Mercedes-AMG GT 4-Door Coupé;TT;FM
2018 Mercedes-AMG GT3;NA;FM
2017 Mercedes-AMG GT R Preorder Car;TT;FH4
2017 Mercedes-AMG GT R;TT;FM
2016 Mercedes-AMG C 63 S Coupé;TT;FM
2016 Mercedes-AMG C 63 S Coupe PreOrder Edition;TT;FH3
2015 Mercedes-AMG GT S;TT;FH5
2015 Mercedes-AMG GT S F&F Edition;TT;FM7
2018 Mercedes-Benz X-Class;TT;FH5
2016 Mercedes-AMG C 63 S Coupé Forza Edition;TT;FM
"2017 Mercedes-Benz E 350 D 4Matic All-Terrain ""Project E-AT""";T;FH4
2015 Mercedes-Benz #24 Tankpool24 Racing Truck;T;FH5
2015 Mercedes-Benz #24 Tankpool24 Racing Truck Forza Edition;T;FH5
2015 Mercedes-Benz #4 Erebus Motorsport E63 AMG V8 Supercar;NA;FM6
2015 Mercedes-Benz #9 Erebus Motorsport E63 AMG V8 Supercar;NA;FM7
2014 Mercedes-Benz #33 WIX Racing A-Class;T;FM6
2014 Mercedes-Benz #84 HTP Motorsport SLS AMG GT3;NA;FM7
2014 Mercedes-Benz G 63 AMG 6x6;TT;FH5
2014 Mercedes-Benz Unimog U5023;T;FH5
2017 Mercedes-Benz #33 Mac Tools Ciceley Motorsports A-Class (A45);T;FM
2013 Mercedes-Benz A 45 AMG Forza Edition;T;FM7
2013 Mercedes-Benz A 45 AMG Horizon Edition;T;FH3
2013 Mercedes-Benz A45 AMG (Day One livery);;FH2
2013 Mercedes-Benz E 63 AMG;TT;FH5
2013 Mercedes-Benz G 65 AMG;TT;FH5
2013 Mercedes-Benz A 45 AMG;T;FM
2012 Mercedes-Benz C 63 AMG Coupe Black Series Forza Edition;NA;FM7
2012 Mercedes-Benz C 63 AMG Coupe Black Series Horizon Edition;NA;FH3
2012 Mercedes-Benz S65 AMG;;FH1
2012 Mercedes-Benz C 63 AMG Coupé Black Series;NA;FM
2011 Mercedes-Benz #35 Black Falcon SLS AMG GT3;NA;FM7
2012 Mercedes-Benz SLK 55 AMG;NA;FM
2010 Mercedes-Benz C63 AMG;;FM4
2010 Mercedes-Benz CL 65 AMG;;FM4
2010 Mercedes-Benz E 63 AMG;;FM4
2010 Mercedes-Benz SLK 55 AMG;;FM4
2009 Mercedes-Benz A200 Turbo Coupe;;FH3
2009 Mercedes-Benz ML 63 AMG;NA;FM7
2011 Mercedes-Benz SLS AMG;NA;FM
2009 Mercedes-Benz SL 65 AMG Black Series Forza Edition;TT;FH4
2009 Mercedes-Benz SLR Stirling Moss;;FM4
2008 Mercedes-Benz Mercedes-AMG #4 C-Class Touring Car;;FM4
2006 Mercedes-Benz E 55 AMG Wagon;;FH5
2005 Mercedes-Benz CL65 AMG;;FM1
2005 Mercedes-Benz SLR;PDS;FM6
2009 Mercedes-Benz SL 65 AMG Black Series;TT;FM
2003 Mercedes-Benz #3 CLK-DTM;;FM1
2003 Mercedes-Benz CLK55 AMG Coupe;;FM4
1998 Mercedes-Benz #11 D2 CLK-GTR;;FM1
2004 Mercedes-Benz C 32 AMG;PDS;FM
1998 Mercedes-Benz AMG CLK GTR Forza Edition;NA;FH5
1992 Mercedes-Benz 500 E;;FH5
1998 Mercedes-Benz AMG CLK GTR;NA;FM
1990 Mercedes-Benz 190E 2.5-16 Evolution II;NA;FM
1987 Mercedes-Benz AMG Hammer Coupe;NA;FH5
1987 Mercedes-Benz AMG Hammer Wagon;;FH5
1972 Mercedes-Benz 300 SEL 6.3;NA;FM7
1967 Mercedes-Benz 280 SL;NA;FH5
1989 Mercedes-Benz #63 Sauber-Mercedes C 9;TT;FM
1955 Mercedes-Benz 300 SLR;NA;FM
1954 Mercedes-Benz 300 SL Coupé;NA;FM
1929 Mercedes-Benz SSK;PDS;FH5
1939 Mercedes-Benz W154;PDS;FM
1990 Mercury #15 Whistler Radar Cougar XR-7;NA;FM
1970 Mercury Cyclone Spoiler;NA;FH5
1949 Mercury Coupe;NA;FH4
1970 Mercury Cougar Eliminator;NA;FM
2023 Meyers Manx 2.0;;FH5
1971 Meyers Manx;NA;FH5
1971 Meyers Manx Forza Edition;NA;FH5
2023 MG Cyberster;;FH5
2022 MG MG7;;FH5
1986 Merkur #11 MAC Tools XR4Ti;NA;FM
2021 MG MG6 XPower;T;FM
2015 MG MG3;NA;FH5
2005 MG XPower SV-R;NA;FH5
1986 MG Metro 6R4;NA;FH5
1986 MG Metro 6R4 Horizon Edition;;FH3
1984 MG Metro 6R4;NA;FH2
2020 MG #20 MG6 XPower;T;FM
1966 MG MGB GT;NA;FM
1938 MG TA Midget;NA;FH4
1958 MG MGA Twin-Cam;NA;FM
2018 MINI John Cooper Works Convertible;T;FH4
2018 MINI John Cooper Works Countryman ALL4;T;FH5
2018 MINI X-Raid John Cooper Works Buggy;TT;FH5
2013 MINI X-Raid ALL4 Racing Countryman;TT;FH5
2012 MINI John Cooper Works Coupe;;FH1
2021 MINI John Cooper Works GP;T;FM
2012 MINI John Cooper Works GP Forza Edition;T;FM7
2012 MINI John Cooper Works GP Horizon Edition;T;FH3
2011 MINI Cooper S;;FH1
2011 MINI John Cooper Works Clubman;;FM4
2010 MINI Coupe Concept;;FM3
2009 MINI John Cooper Works;T;FH5
2003 MINI Cooper S;;FM4
2012 MINI John Cooper Works GP;T;FM
1965 MINI Cooper S Forza Edition;E;FH5
1965 MINI Cooper S Horizon Edition;NA;FH3
2010 Mitsubishi Colt Ralliart;;FM4
2008 Mitsubishi GameStation Lancer Evo X GSR;;FM3
1965 MINI Cooper S;NA;FM
2008 Mitsubishi Lancer Evolution X GSR 'Welcome Pack';T;FH5
2008 Mitsubishi Lancer Evolution X GSR LCE Livery;;FH1
2006 Mitsubishi Eclipse GT;;FM4
2006 Mitsubishi HKS Time Attack Evolution;;FM4
2008 Mitsubishi Lancer Evolution X GSR;T;FM
2006 Mitsubishi Lancer Evolution IX MR;T;FM
2004 Mitsubishi Lancer Evolution VIII FQ-330;;FM1
2004 Mitsubishi Lancer Evolution VIII GSR;;FM2
2005 Mitsubishi #1 Sierra Sierra Enterprises Lancer Evolution Time Attack;T;FM
2003 Mitsubishi Eclipse GTS;;FM4
2003 Mitsubishi Sparco Lancer Evolution VIII;;FM2
2000 Mitsubishi Lancer Evolution VI TME;;FM2
2004 Mitsubishi Lancer Evolution VIII MR;T;FM
1999 Mitsubishi MINE's CP9A Lancer Evolution VI;;FM2
1999 Mitsubishi Lancer Evolution VI GSR;T;FM
1997 Mitsubishi 3000GT VR-4;;FM1
1998 Mitsubishi FTO GP Version R;NA;FM
1997 Mitsubishi Montero Evolution;;FH5
1995 Mitsubishi Eclipse GS F&F Edition;T;FM6
1997 Mitsubishi GTO;TT;FM
1995 Mitsubishi Eclipse GSX;T;FM
1995 Mitsubishi Lancer Evolution III GSR;T;FM
1992 Mitsubishi Galant VR-4 Traffic;;FH5
1988 Mitsubishi Starion ESI-R;T;FH5
2018 Morgan Aero GT;NA;FH5
2014 Morgan 3 Wheeler;NA;FH5
2010 Morgan Aero SuperSports;NA;FH4
1965 Morris Mini-Traveller;NA;FH5
1953 Morris Minor 1000;NA;FH5
1953 Morris Minor 1000 Forza Edition;NA;FH5
1953 Morris Minor Series II Traveler;NA;FH5
2010 Mosler MT900S;NA;FH5
2006 Mosler MT900 GT3;NA;FH5
1933 Napier Napier-Railton;NA;FH5
1992 Mitsubishi Galant VR-4;T;FM
2016 NIO EP9;E;FM
2024 Nissan Z NISMO;TT;FM
2023 Nissan Z;TT;FM
2020 Nissan GT-R NISMO (R35);TT;FM
2019 Nissan 370Z Nismo;NA;FM
2017 Nissan #78 Nissan Motorsport Altima;NA;FM7
2018 Nissan Sentra NISMO;T;FM
2017 Nissan Altima Racecar;NA;FM
2017 Nissan GT-R Preorder Car;TT;FH4
2016 Nissan Titan Warrior Concept;T;FH5
2016 Nissan Titan Warrior Concept Forza Edition;T;FH4
2017 Nissan GT-R (R35);TT;FM
2015 Nissan #23 NISMO MOTUL AUTECH GT-R;T;FM7
2015 Nissan #23 Nissan Motorsport Altima;NA;FM6
2015 Nissan IDx NISMO;T;FM7
2014 Nissan Juke Nismo RS;T;FM7
2014 Nissan Juke Pringles Edition;;FH2
2012 Nissan GT-R Black Edition (R35);TT;FH5
2012 Nissan GT-R Black Edition Forza Edition;TT;FM7
2012 Nissan GT-R Black Edition Horizon Edition;TT;FH3
2011 Nissan Leaf;;FM4
2011 Nissan Micra;;FM4
2010 Nissan #12 Calsonic Impul GT-R;;FM4
2010 Nissan 370Z;NA;FH5
2010 Nissan G-Shock 370Z;;FH2
2010 Nissan GT-R SPECV;;FM4
2010 Nissan Tsuru;;FH5
2009 Nissan Versa SL;;FM4
2008 Nissan #23 Xanavi Nismo GT-R;;FM4
2008 Nissan #24 Woodone Advan Clarion GT-R;;FM4
2008 Nissan #3 YellowHat YMS Tomica GT-R;;FM4
2007 Nissan 350Z Grand Touring Coupe;;FM2
2007 Nissan Altima 3.5 SE;;FM2
2007 Nissan Sentra SE-R Spec V;;FM4
2005 Nissan #46 Dream Cube's ADVAN Z;;FM4
2004 Nissan Donut Media 350Z 'Low Car';T;FH5
2004 Nissan Pickup #23 Rally Raid;NA;FH5
2003 Nissan #12 Calsonic Skyline;;FM4
2003 Nissan #23 Xanavi Nismo GT-R;;FM3
2003 Nissan #3 Hasemisport Endless Z;;FM4
2003 Nissan 350Z Track;;FM1
2003 Nissan Donut Media 350Z 'Hi Car';TT;FH5
2015 Nissan #23 GT-R LM NISMO;TT;FM
2003 Nissan Fairlady Z Forza Edition;TT;FH5
2003 Nissan Forza Motorsport Fairlady Z;;FM3
2003 Nissan Skyline Coupe 350GT;;FM4
2003 Nissan Skylne;;FM1
2003 Nissan Team Forza Fairlady Z;NA;FM6
2002 Nissan Fairlady Z F&F Edition;TT;FM6
2002 Nissan MINE'S R34 Skyline GT-R;;FM4
2003 Nissan Fairlady Z;NA;FM
2002 Nissan Skyline GT-R V-Spec II Nur;;FM2
2002 Nissan Tommy Kaira Skyline GT-R R34;;FM2
2002 Nissan Skyline GT-R V-Spec II;TT;FM
2000 Nissan Silvia Spec-R Forza Edition;T;FM7
2000 Nissan Silvia Spec-R Horizon Edition;T;FH3
2000 Nissan Top Secret D1-Spec S15;;FM4
2000 Nissan Silvia Spec-R;T;FM
1999 Nissan Skyline GT-R F&F Edition;TT;FM6
1999 Nissan #23 NISMO Clarion R391;NA;FM
1998 Nissan #32 Nissan R390 GT1;;FM4
1998 Nissan 240SX SE;;FM1
1998 Nissan #23 Pennzoil NISMO Skyline GT-R;TT;FM
1998 Nissan R390 (GT1);TT;FM
1997 Nissan #23 Nissan Motorsports R390 GT1;;FM3
1998 Nissan Silvia K's Aero;T;FM
1997 Nissan Stagea Four V;;FH5
1995 Nissan NISMO GT-R LM;TT;FH5
1995 Nissan NISMO GT-R LM Forza Edition;TT;FH4
1995 Nissan Skyline GT-R;;FM1
1994 Nissan #75 Cunningham Racing 300ZX;TT;FM7
1994 Nissan 300ZX Twin Turbo Version R;;FM1
1997 Nissan Skyline GT-R V-Spec;TT;FM
1994 Nissan Fairlady Z Version S Twin Turbo;TT;FM
1994 Nissan Silvia K's;T;FM
1993 Nissan MINE'S R32 Skyline GT-R;;FM4
1993 Nissan 240SX SE;NA;FM
1993 Nissan Skyline GT-R V-Spec;TT;FM
1992 Nissan Silvia CLUB K's;T;FM
1991 Nissan #23 Nissan R91CP;TT;FM
1990 Nissan Pulsar GTi-R;T;FM
1988 Nissan #24 Nissan Motorsports International R88C;TT;FM
1988 Nissan #33 Bob Sharp Racing 300ZX;T;FM
1987 Nissan Skyline GTS-R (HR31);T;FM
1985 Nissan Safari Turbo;T;FH5
1985 Nissan #83 GTP ZX-Turbo;TT;FM
1984 Nissan #11 Tomica Skyline Turbo Super Silhouette;T;FM
1984 Nissan #20 Bluebird Super Silhouette;T;FM
1983 Nissan #23 Nissan Motorsports Silvia Super Silhouette;T;FM
1972 Nissan 240 ZX;;FM1
1973 Nissan Skyline H/T 2000GT-R;NA;FM
1971 Nissan Skyline 2000GT-R;NA;FM
1969 Nissan #21 Nissan Racing R382;NA;FM
1969 Nissan Fairlady Z 432R;;FM2
1969 Nissan Fairlady Z 432;NA;FM
1966 Nissan Silvia;NA;FM7
2010 Noble M600;TT;FH5
2006 Noble M400;TT;FH5
1967 Nissan R380 II;NA;FM
1990 Oldsmobile #75 Cutlass Supreme Trans Am;NA;FM
1966 Oldsmobile Toronado;NA;FH5
2004 Opel Speedster Turbo;;FM4
2003 Opel #5 OPC TEAM PHOENIX Astra V8;;FM4
2003 Opel #6 OPC Team Phoenix Astra V8;;FM1
1984 Opel Manta 400;NA;FH5
1969 Oldsmobile Hurst/Olds 442;NA;FM
1968 Opel GT;NA;FM7
1963 Opel Kadett A;NA;FH4
1979 Opel Kadett C GT/E;NA;FM
2020 Oreca #38 Performance Tech Motorsports Oreca 07;NA;FM
2017 Oreca #38 Jackie Chan DC Racing Oreca 07;NA;FM
2022 Pagani Huayra R;NA;FM
2016 Pagani Huayra BC Forza Edition;TT;FH5
2012 Pagani Huayra;TT;FH5
2012 Pagani Huayra Totino's Edition 1;TT;FM7
2012 Pagani Huayra Totino's Edition 2;TT;FM7
2010 Pagani Zonda R;NA;FH5
2010 Pagani Zonda R Forza Edition;NA;FH4
2016 Pagani Huayra BC;TT;FM
2009 Pagani Zonda Cinque Roadster 'Oreo Edition';NA;FH5
2003 Pagani #17 Carsport America Zonda GR;;FM4
1999 Pagani Zonda C12;;FM4
2011 Panoz #050 Panoz Racing Abruzzi ;;FM4
2006 Panoz #81 Team LNT Panoz Esperante GTLM;;FM3
2005 Panoz #51 Panoz Esperante GTLM;;FM4
2005 Panoz Esperante GTLM;;FM4
2003 Panoz #11 JML Team Panoz LMP-01;;FM4
2002 Panoz #10 JML LMP01 EPP;;FM1
2002 Panoz #50 Panoz MotorSports LMP-01;;FM3
2001 Panoz Esperante GTL;;FM1
1965 Peel Trident;NA;FH5
1962 Peel P50;NA;FH5
2011 Penhall The Cholla;NA;FH5
2009 Pagani Zonda Cinque Roadster;NA;FM
2011 Peugeot 107;;FM4
2011 Peugeot #10 Matmut-Oreca 908;TT;FM7
2018 Peugeot #7 DG Sport Compétition 308;T;FM
2010 Peugeot RCZ;;FM4
2009 Peugeot #9 Peugeot Sport Total 908;TT;FM7
2007 Peugeot #1 Peugeot 207 Super 2000;;FM3
2007 Peugeot #8 Peugeot Sport 908;;FM3
2007 Peugeot 207 RC;;FM4
2007 Peugeot 207 Super 2000;NA;FH5
2004 Peugeot 206 Gti 180;;FM1
2004 Peugeot 206 RC;;FH1
2011 Peugeot 308 GTI;T;FM
1991 Peugeot 205 Rallye;NA;FH5
1993 Peugeot #3 Peugeot Talbot Sport 905 EVO 1C;NA;FM
1984 Peugeot 205 Turbo 16 Forza Edition;T;FH4
2000 Plymouth Prowler;NA;FM7
1984 Peugeot 205 Turbo 16;T;FM
1971 Plymouth Cuda 426 HEMI;NA;FM
1971 Plymouth GTX F&F Edition;TT;FM7
1970 Plymouth Cuda F&F Edition;;FH2
1970 Plymouth Hemi Cuda Convertible Barrett-Jackson Edition;NA;FH4
1970 Plymouth Road Runner F&F Edition;;FH2
1968 Plymouth Barracuda Formula-S;NA;FH5
1964 Plymouth Belvedere;;FH5
1959 Plymouth Atomic Punk Bubbletop;NA;FH4
1958 Plymouth Fury;NA;FH5
2021 Polaris RZR Pro XP Factory Racing Limited Edition;T;FH5
2021 Polaris RZR Pro XP Ultimate;T;FH5
2015 Polaris RZR XP 1000 EPS;NA;FH5
2015 Polaris RZR XP 1000 EPS Horizon Edition;NA;FH3
2015 Polaris RZR XP 1000 EPS Rockstar Edition;NA;FH3
2009 Pontiac G8 GXP;NA;FM7
2009 Pontiac Solstice GXP;T;FM7
2006 Pontiac GTO;;FM4
2006 Pontiac Solstice;;FM3
2005 Pontiac Aztek;NA;FM6
2004 Pontiac GTO;;FM3
1971 Plymouth GTX 426 HEMI;NA;FM
1988 Pontiac Fiero GT;;FM4
2002 Pontiac Firebird Trans Am Ram Air;NA;FM
1987 Pontiac Firebird Trans Am GTA Forza Edition;;FH5
1977 Pontiac Firebird Trans Am;NA;FH5
1987 Pontiac Firebird Trans Am GTA;NA;FM
1973 Pontiac Firebird Trans Am SD-455;NA;FM
1969 Pontiac Firebird Trans Am;NA;FM
1968 Pontiac Firebird;NA;FH5
1968 Pontiac GTO Hardtop;;FM3
1965 Pontiac GTO;NA;FH5
1969 Pontiac GTO Judge;NA;FM
2024 Porsche #5 Porsche Penske Motorsport 963;TT;FM
2023 Porsche 911 GT3 R;NA;FM
2023 Porsche 911 Rallye;;FH5
2023 Porsche 911 GT3 RS;NA;FM
2023 Porsche Taycan Cross Turismo Turbo S;;FH5
2023 Porsche 911 Turbo S;TT;FM
2022 Porsche 718 Cayman GT4 RS;NA;FM
2021 Porsche 911 GT3;NA;FM
2021 Porsche Mission R;E;FM
2020 Porsche Taycan Turbo S 'Welcome Pack';E;FH5
2019 Porsche #4 Porsche Motorsport 718 Cayman GT4 Clubsport;;FM7
2020 Porsche Taycan Turbo S;E;FM
2019 Porsche #70 Porsche Motorsport 935;TT;FM
2019 Porsche 911 Carrera S;TT;FM
2019 Porsche 911 GT3 RS Forza Edition;TT;FH5
2019 Porsche 911 GT3 RS;NA;FM
2019 Porsche Macan Turbo;TT;FH5
2019 Porsche 911 Speedster;NA;FM
2018 Porsche #73 Park Place Motorsports 911 GT3 R;NA;FM
2018 Porsche 718 Cayman GTS;T;FM
2018 Porsche 911 GT2 RS;TT;FM
2018 Porsche 911 GT3 R;;FH5
2018 Porsche Cayenne Turbo;TT;FH5
2018 Porsche Macan LPR Rally Raid;NA;FH5
2018 Porsche 911 GT2 RS Forza Edition;TT;FM
2017 Porsche #2 Porsche Team 919 Hybrid;T;FM
2017 Porsche #92 Porsche GT Team 911 RSR;NA;FM
2017 Porsche Panamera Turbo;TT;FM
2016 Porsche 911 GT3 RS Preorder Car;NA;FH4
2016 Porsche 911 GT3 RS;NA;FM
2015 Porsche #19 Porsche Team 919 Hybrid;T;FM7
2016 Porsche Cayman GT4;NA;FM
2015 Porsche #91 Porsche Team Manthey 991 RSR;NA;FM
2015 Porsche Macan Turbo;TT;FH4
2015 Porsche Cayman GTS;NA;FM
2014 Porsche 911 Turbo S;TT;FM
2014 Porsche 918 Spyder;NA;FM
2012 Porsche 911 GT3 RS 4.0;NA;FH5
2012 Porsche Cayenne Turbo;TT;FH4
2012 Porsche Cayman R;;FM4
2011 Porsche #17 Team Falken 911 GT3-RSR;;FM4
2011 Porsche #23 Alex Job Racing 911 GT3 Cup;;FM4
2011 Porsche #45 Flying Lizard 911 GT3-RSR;NA;FM7
2011 Porsche #54 Black Swan Racing 911 GT3 Cup;;FM4
2010 Porsche 911 Sport Classic;NA;FH5
2010 Porsche Boxster S;;FM4
2010 Porsche Panamera Turbo;;FM4
2009 Porsche Cayenne Turbo S;TT;FM3
2008 Porsche #16 Dyson Racing RS Spyder Evo;;FM4
2008 Porsche #2 Gruppe Orange Racing 911 GT3 Cup;;FM4
2008 Porsche #45 Flying Lizard 911 GT3-RSR;;FM3
2008 Porsche #7 Penske Racing RS Spyder Evo;NA;FM7
2008 Porsche 911 GT2 (997);;FM3
2007 Porsche #80 Flying Lizard 911 GT3-RSR;;FM4
2012 Porsche 911 GT2 RS;TT;FM
2007 Porsche 911 GT3 RS (997);;FM4
2007 Porsche 911 Turbo (997);;FM4
2006 Porsche #81 Synergy Racing 911 GT3 Cup;;FM2
2006 Porsche #82 Red Bull 911 GT3 Cup;;FM3
2006 Porsche Cayman S;;FM3
2005 Porsche #3 Lechner Racing School 1 911 GT3 Cup;;FM3
2005 Porsche #31 Petersen-White Lightning 911 GT3-RSR (996);;FM4
2005 Porsche #44 Flying Lizard 911 GT3-RSR;;FM2
2005 Porsche #5 XBOX 360 911 GT3-RSR;;FM3
2005 Porsche #55 Applied Materials 911 GT3 Cup;;FM3
2005 Porsche #66 AXA Racing 911 GT3 Cup (996);;FM4
2004 Porsche #23 Alex Job Racing 911 GT3-RSR;;FM2
2007 Porsche 911 GT3;NA;FM
2003 Porsche #22 3R-Racing 911 GT3 Cup;;FM2
2003 Porsche Boxster S;;FM3
2004 Porsche 911 GT3;NA;FM
2002 Porsche #57 Larbre McDonalds 996 GT3 Cup;;FM2
2000 Porsche #23 IMSA 911 GT3-RS;;FM1
1998 Porsche #26 Porsche AG 911 GT1-98;TT;FM6
1998 Porsche #5 Zakspeed Racing 911 GT1-98;;FM3
2003 Porsche Carrera GT;NA;FM
1995 Porsche 911 Carrera 2 by Gunther Werks;NA;FH5
1997 Porsche 911 GT1 Strassenversion;TT;FM
1995 Porsche 911 GT2;TT;FM
1993 Porsche 911 Turbo S Leichtbau;T;FM
1993 Porsche 928 GTS;NA;FM
1990 Porsche 911 Reimagined by Singer - DLS;NA;FH5
1989 Porsche #65 Rothsport Racing 911 'Desert Flyer';NA;FH5
1993 Porsche 968 Turbo S;T;FM
1988 Porsche #17 Porsche Dunlop 962c;TT;FM7
1989 Porsche 944 Turbo;T;FM
1987 Porsche 959;TT;FM
1987 Porsche #17 Porsche AG 962c;TT;FM
1985 Porsche #185 959 Prodrive Rally Raid;TT;FH5
1987 Porsche #203 Porsche AG 961;TT;FM
1983 Porsche #11 John Fitzpatrick Racing 956;TT;FM
1982 Porsche 911 Turbo 3.3;T;FM
1981 Porsche #1 Porsche System Engineering 924 GTP Le Mans;T;FM
1980 Porsche 924 Carrera GTS;T;FM
1978 Porsche #43 Porsche Racing 935/78;TT;FM
1978 Porsche #78 MOMO 935/78;TT;FM
1973 Porsche #6 Penske Sunoco 917/30 Can-Am Spyder;;FM7
1974 Porsche #1 911 RSR;NA;FM
1973 Porsche 911 Carrera RS;NA;FM
1971 Porsche #23 917/20;NA;FM
1970 Porsche #3 917 LH;NA;FM
1966 Porsche 906 Carrera 6;NA;FH5
1964 Porsche 356 C Cabriolet Emory Special;NA;FH5
1964 Porsche 904 Carrera GTS;NA;FM7
1962 Porsche 804;NA;FM7
1960 Porsche 356 RSR from Emory Motorsport;TT;FH4
1970 Porsche 914/6;NA;FM
"1960 Porsche 718 RS 60 ""Welcome Pack""";NA;FH4
1959 Porsche 356 A 1600 Super;NA;FH5
1960 Porsche 718 RS 60;NA;FM
1957 Porsche 356A Speedster;NA;FM
1951 Porsche #46 356 SL Gmund Coupe;NA;FH5
2006 Proto Motors Spirra;;FM2
2058 Quadra Turbo-R V-Tech;TT;FH4
723 Quartz Regalia;CS;FH4
723 Quartz Regalia Type-D;CS;FH4
1955 Porsche 550 Spyder;NA;FM
2011 Radical SR8 RX;NA;FM7
2015 Radical RXC Turbo;TT;FM
2017 Ram 2500 Power Wagon;NA;FH5
2017 Ram Rebel TRX Concept;PDS;FH4
2013 Ram Ram Runner;NA;FM7
2013 Ram Ram Runner Forza Edition;NA;FM7
2013 Ram Ram Runner Horizon Edition;NA;FH3
1972 Reliant Supervan III;NA;FH5
2019 RAESR Tachyon Speed;E;FM
2017 Renault R.S.17;T;FM7
2018 Renault Megane R.S.;T;FM
2014 Renault Spark SRT_01E;E;FM5
2013 Renault Clio R.S. 200 EDC;T;FH5
2010 Renault Clio R.S.;NA;FH5
2010 Renault Clio R.S. Forza Edition;NA;FH4
2010 Renault Megane R.S. 250;T;FH5
2009 Renault Twingo Renault Sport Cup;;FM4
2016 Renault Clio R.S. 16 Concept;T;FM
2007 Renault Clio RS 197;NA;FH4
2008 Renault Mégane R26.R;T;FM
2003 Renault Sport Clio V6;NA;FM
1993 Renault Clio Williams;NA;FM
1980 Renault 5 Turbo Forza Edition;T;FH4
1980 Renault 5 Turbo;T;FM
1968 Renault 4L Export;NA;FH5
1977 Renault #15 Equipe Renault Elf R.S. 01;T;FM
1967 Renault 8 Gordini;NA;FM
2021 Rimac Nevera;E;FM
2022 Rivian R1S;;FH5
2022 Rivian R1T;;FH5
2021 RJ Anderson #37 Polaris RZR Pro 4 Truck;NA;FH5
2016 RJ Anderson #37 Polaris RZR-Rockstar Energy Pro 2 Truck;NA;FH5
2013 Robby Gordon #7 Speed Energy Drink Stadium Super Truck;NA;FH2
2016 Rolls-Royce Dawn;TT;FM7
2014 Rolls-Royce Wraith;TT;FM7
2010 Rossion Q1;TT;FH5
1984 Rover SD1 Vitesse;NA;FH4
2011 RUF RGT-8;;FH1
2011 RUF Rt 12 R;;FH1
2011 RUF Rt 12 S;TT;FH2
1995 RUF CTR2;TT;FH2
1987 RUF CTR Yellowbird;TT;FH2
2008 Saab 9-3 Turbo X;;FM4
2002 Saab 9-3 Aero;;FM4
2002 Saab 9-3 Viggen;;FM1
1978 Saab 99 Turbo;;FM4
2020 Saleen Sportruck XR Black Label;PDS;FH5
2019 Rimac Concept Two;E;FM
2018 Saleen S1;T;FM
2018 Saleen S302 Black Label;PDS;FM
2010 Saleen S5S Raptor;PDS;FH4
2008 Saleen S331 Supercab;;FM4
2006 Saleen S281 E;;FM4
2017 Saleen S7 LM;TT;FM
2003 Saleen #2 Konrad Motorsport S7R;;FM4
2002 Saleen #11 Graham Nash Motorsport S7R;;FM3
2001 Saleen #26 Konrad Motorsports S7R;;FM3
2000 Saleen #2 IMSA S7R;;FM1
2000 Saleen S281;;FM4
2007 Saturn Sky Red Line;;FM4
2006 Saturn ION Red Line;;FM4
1993 Schuppan 962CR;TT;FH5
2013 Scion FR-S;;FH1
2012 Scion tC;NA;FM6
2009 Scion xD;;FM4
2005 Scion tC;;FM4
2010 SEAT Leon CUPRA R;;FM4
2009 SEAT Ibiza CUPRA;;FM4
2007 SEAT Cupra GT Prototype;;FM2
2007 SEAT Leon CUPRA;;FM4
2007 SEAT Leon Supercup;;FM4
2003 SEAT Leon Cupra R;;FM4
2012 Shelby 1000;PDS;FH4
1999 Shelby Series 1;;FM4
1969 Shelby GT500 428CJ;;FM4
1968 Shelby GT-500KR;;FM4
2004 Saleen S7;NA;FM
1967 Shelby GT 500;NA;FM
1965 Shelby Cobra 427 S/C;NA;FM
1965 Shelby Cobra Daytona Coupe;NA;FM
2021 Sierra Cars 700R;NA;FH5
2021 Sierra Cars RX3;NA;FH5
2020 Sierra Cars #23 Yokohama ALPHA;T;FH5
2010 Smart fortwo;;FM4
2010 Spada Codatronca TS;;FM4
1963 Shelby Monaco King Cobra;NA;FM
2016 Spania GTA GTA Spano Duracell Edition;TT;FH3
2012 Spyker Aileron;;FM4
2010 Spyker C8 Laviolette LM85;;FM4
2013 SRT #91 SRT Motorsport GTS-R;NA;FM7
2013 SRT Team Forza Viper GTS;NA;FM6
2016 Spania GTA GTA Spano;TT;FM
2010 SSC Ultimate Aero;;FH1
2013 SRT Viper GTS;NA;FM
2022 SUBARU WRX;;FH5
2022 SUBARU BRZ;NA;FM
2019 SUBARU STI S209;T;FM
2019 SUBARU STI S209 Forza Edition;T;FM
2018 Subaru WRX STI ARX Supercar;T;FH5
2016 Subaru #199 WRX STI VT15R Rally Car;T;FH4
"2016 Subaru #199 WRX STI VT15R Rally Car ""Welcome Pack""";T;FH4
2016 Subaru #75 WRX STI VT15R Rally Car;T;FM7
2016 Subaru WRX STI F&F Edition;T;FM7
2015 Subaru Team Forza WRX STI;T;FM6
2018 SUBARU #1 Adrian Flux SUBARU Racing Levorg GT;T;FM
2015 SUBARU WRX STI;T;FM
2013 Subaru BRZ F&F Edition;T;FM7
2013 Subaru BRZ Forza Edition;NA;FM7
2013 Subaru BRZ Horizon Edition;NA;FH3
2013 SUBARU BRZ;NA;FM
2010 Subaru Legacy B4 2.5 GT;;FM4
2011 SUBARU WRX STI ;T;FM
2006 Subaru Impreza S204;;FM4
2008 SUBARU IMPREZA WRX STI;T;FM
2005 Subaru Legacy B4 2.0 GT;T;FM7
2005 Subaru Legacy Traffic;;FH5
2005 SUBARU IMPREZA WRX STi;T;FM
2004 Subaru Impreza WRX STi Spec-C;;FM1
2003 Subaru #77 Cusco Subaru Advan Impreza;;FM4
1999 Subaru Impreza 2.5RS Coupe;;FM1
1998 Subaru Impreza 22B STi Forza Edition;T;FM7
1998 Subaru Impreza 22B STI Horizon Edition;T;FH3
2004 SUBARU IMPREZA WRX STI;T;FM
1998 Subaru Tommy Kaira Impreza M20b;;FM2
1996 Subaru SVX;NA;FM7
1998 SUBARU Impreza 22B-STi Version;T;FM
1980 Subaru BRAT GL;NA;FH5
1980 Subaru BRAT GL Forza Edition;NA;FM7
1980 Subaru BRAT GL Horizon Edition;NA;FH3
1968 Subaru 360;NA;FM7
1967 Sunbeam Tiger;NA;FH4
2011 Suzuki #1 Monster Sport SX4 Hill Climb Special;;FM4
2011 Suzuki SX4 Sportback;;FM4
2002 Suzuki Liana GLX;;FM4
1979 Talbot Sunbeam Lotus;NA;FH4
2017 TAMO Racemo;T;FH4
2014 Terradyne Gurkha LAPV;T;FH4
2015 Tesla Model S P85D;NA;FM6
2015 Tesla Model S P90D with Ludicrous Mode;E;FH3
2014 Tesla Model S;E;FH2
2011 Tesla Roadster Sport;;FM4
2018 Top Gear Track-Tor;NA;FH4
1990 SUBARU LEGACY RS;T;FM
2023 Toyota Camry TRD;NA;FM
2022 Toyota GR86;NA;FM
2021 Toyota GR Yaris;T;FM
2020 Toyota GR Supra;T;FM
2020 Toyota Tundra TRD Pro;NA;FH5
2019 Toyota 4Runner TRD Pro;NA;FH5
2019 Toyota 86 TRD SE;NA;FM
2019 Toyota Tacoma TRD Pro;NA;FH5
2017 Toyota #18 Joe Gibbs Racing M&M’s Camry;NA;FM7
2017 Toyota #18 Joe Gibbs Racing Skittles Camry;NA;FM7
2017 Toyota #18 Joe Gibbs Racing Snickers Camry;NA;FM7
2016 Toyota #11 Joe Gibbs Racing FedEx Express Camry;NA;FM6
2016 Toyota #18 Joe Gibbs Racing Interstate Batteries Camry;NA;FM6
2016 Toyota #19 Joe Gibbs Racing ARRIS Camry;NA;FM6
2016 Toyota #19 Joe Gibbs Racing STANLEY Camry;NA;FM6
2016 Toyota #19 Joe Gibbs Racing Subway Camry;NA;FM6
2016 Toyota #20 Joe Gibbs Racing DEWALT Camry;NA;FM6
2016 Toyota #20 Joe Gibbs Racing Dollar General Camry;NA;FM6
2016 Toyota Land Cruiser Arctic Trucks AT37;T;FH5
2014 Toyota #11 Handy Motorsport Avensis;T;FM6
2014 Toyota #12 Rebellion Racing R-One;NA;FM6
2014 Toyota #20 United Autosports Avensis;T;FM6
2014 Toyota #8 Toyota Racing TS040 HYBRID;NA;FM
2014 Toyota #80 Speedworks Motorsport Avensis;T;FM6
2013 Toyota 86;NA;FH5
2012 Toyota FJ Cruiser;NA;FH1
2011 Toyota Aygo;;FM4
2011 Toyota Prius;;FM4
2008 Toyota Yaris S;;FH3
2007 Toyota Hilux Arctic Trucks AT38;T;FH5
2006 Toyota #25 Eclipse Advan Supra;;FM3
2005 Toyota #36 Open Interface Tom's Supra;;FM3
2005 Toyota #6 EXXON Superflo Supra;;FM4
2004 Toyota #35 YellowHat YMS Supra;;FM3
2004 Toyota Altezza RS200;;FM4
2004 Toyota Camry Solara;;FM1
2003 Toyota #1 Ultraflo Supra;;FM1
2003 Toyota #36 Woodone TOM'S Supra;;FM1
2003 Toyota APR Performance Celica GTS;;FM2
2003 Toyota Celica 1800 VVT-i;;FM1
2003 Toyota Celica GT-S;;FM1
2003 Toyota Celica Sport Specialty II;NA;FM
2002 Toyota MR-S;;FM4
2002 Toyota MR2 Spyder;;FM1
2002 Toyota Soarer 430SCV;;FM4
2002 Toyota TOM's T020 MR2;;FM2
2002 Toyota TOM's W123 MR-S;;FM3
2002 Toyota TOM's Z382 Soarer;;FM2
1999 Toyota #3 Toyota Motorsports GT-ONE TS020;TT;FM
1998 Toyota AB Flug S900 Supra Turbo;;FM2
1998 Toyota Supra F&F Edition;;FH2
1998 Toyota Supra RZ;TT;FM
1998 Toyota Supra RZ 'Welcome Pack';TT;FH5
1998 Toyota Supra RZ Horizon Edition;TT;FH3
1998 Toyota Top Secret 0-300 Supra;;FM4
1998 Toyota VeilSide Supra Fortune 03;;FM2
1998 Toyota VeilSide Supra Fortune 99;;FM2
1997 Toyota Mark II Tourer V JXZ100;T;FM
1997 Toyota Soarer 2.5 GT-T;;FH5
1995 Toyota Border MR2 Turbo T-bar;;FM2
1995 Toyota MR2 GT;T;FM
1995 Toyota MR2 Turbo T-bar;;FM1
1995 Toyota Supra RZ F&F Edition;T;FM6
1995 Toyota TOM's T020 MR2;;FM3
1995 Toyota VIS Racing MR2 Turbo T-bar;;FM2
1994 Toyota Celica GT-Four ST205;T;FM
1993 Toyota #1 T100 Baja Truck;NA;FH5
"1993 Toyota #1 T100 Baja Truck ""Welcome Pack""";NA;FH4
1992 Toyota #99 All American Racers Toyota Eagle MkIII;T;FM
1992 Toyota Celica GT-Four RC ST185;T;FM
1992 Toyota Do-Luck Supra;;FM2
1992 Toyota Supra 2.0 GT;TT;FM
1991 Toyota Chaser GT Twin Turbo;;FH5
1991 Toyota Sera;;FH5
1989 Toyota MR2 SC;PDS;FM
1985 Toyota Sprinter Trueno GT Apex;NA;FM
1984 Toyota #25 Horsepower Techs Starlet Time Attack;T;FM
1984 Toyota Celica Supra;;FM4
1979 Toyota FJ40;NA;FH5
1974 Toyota Celica GT;NA;FM
1974 Toyota Corolla SR5;NA;FM
1969 Toyota 2000GT;NA;FM
1965 Toyota Sports 800;NA;FH5
1979 Triumph TR7 Roadster;NA;FH4
1970 Triumph TR6 PI;NA;FH4
1962 Triumph Spitfire;NA;FH4
1962 Triumph TR3B;NA;FH4
2018 TVR Griffith;NA;FM
2005 TVR Sagaris;NA;FH5
2005 TVR Sagaris Forza Edition;NA;FH4
2001 TVR Tuscan R;;FM2
2001 TVR Tuscan S;NA;FH4
1998 TVR Cerbera Speed 12;NA;FH5
2015 Ultima Evolution Coupe 1020;PDS;FM
2012 Ultima GTR;;FH1
2012 Ultima GTR 720;NA;FH3
1992 Universal Studios Jeep Wrangler Sahara 'Jurassic Park';;FH5
1982 Universal Studios K.I.T.T.;;FH5
1981 Universal Studios Back to the Future Time Machine 1;;FH5
1981 Universal Studios Back to the Future Time Machine 2;;FH5
1981 Universal Studios Back to the Future Time Machine 3;;FH5
2017 Vauxhall #66 Power Maxed TAG Racing Astra;T;FM
2016 Vauxhall Corsa VXR;T;FM
2013 Vauxhall Astra 1.6 Tech Line Top Gear Edition;NA;FM6
2012 Vauxhall Astra VXR;T;FM
2011 Vauxhall Agila;;FM4
2010 Vauxhall Insignia VXR;T;FH4
2009 Vauxhall Corsa VXR;T;FH4
2006 Vauxhall Astra VXR;T;FM
2005 Vauxhall Monaro VXR;NA;FH5
2004 Vauxhall VX220 Turbo;T;FH4
1990 Vauxhall Lotus Carlton;TT;FM
2013 Viper #93 SRT Motorsport GTS-R (Pennzoil);;FM4
2013 Viper GTS (Ltd. Ed.);;FM5
2010 Viper SRT10 ACR-X;;FH1
2022 Volkswagen Golf R;T;FM
2021 Volkswagen Golf R;T;FM
2021 Volkswagen ID.4;;FH5
2018 Volkswagen #22 Experion Racing Golf GTI;T;FM
2018 Volkswagen #94 Volkswagen Motorsport I.D R Pikes Peak;E;FH4
2017 Volkswagen #34 Volkswagen Andretti Rallycross Beetle;T;FH5
2014 Volkswagen Global Rallycross Beetle;T;FH4
2014 Volkswagen Golf R;T;FM
2012 Volkswagen Santana;;FH5
2011 Volkswagen Fox;;FM4
2011 Volkswagen Polo GTI;;FM4
2011 Volkswagen Scirocco R;T;FH5
2011 Volkswagen Scirocco R LCE Livery;;FH1
2010 Volkswagen Golf GTI Mk6;;FM4
2010 Volkswagen Golf R;T;FH5
2009 Volkswagen Scirocco GT;;FM4
2008 Volkswagen Touareg R50;TT;FH4
2006 Volkswagen Golf GTi;;FM4
2004 Volkswagen Beetle;;FM4
2003 Volkswagen Bora VR6;NA;FM4
2003 Volkswagen Golf R32 ;NA;FM
2003 Volkswagen Jetta GLX VR6;;FM1
1998 Volkswagen Gti VR6 Mk3;NA;FM
1995 Volkswagen Corrado VR6;NA;FM
1992 Volkswagen Golf Gti 16v Mk2;NA;FM
1988 Volkswagen Scirocco 16v;NA;FM
1984 Volkswagen Rabbit GTI;NA;FM7
1983 Volkswagen Golf GTI;NA;FM
1982 Volkswagen Pickup LX;NA;FH5
1981 Volkswagen Scirocco S;NA;FM
1976 Volkswagen SP-2;;FH5
1973 Volkswagen Thing;;FH5
1970 Volkswagen #1107 Desert Dingo Racing Stock Bug;NA;FH5
1969 Volkswagen Class 5/1600 Baja Bug;NA;FH5
1967 Volkswagen Beetle;;FH1
1967 Volkswagen Karmann Ghia;NA;FH4
1967 Volkswagen Type 3 1600 L (Notchback);NA;FH4
1966 Volkswagen Double Cab Pick-Up;NA;FH5
1963 Volkswagen Beetle;NA;FH5
1963 Volkswagen Beetle Forza Edition;;FH5
1963 Volkswagen Type 2 De Luxe;NA;FH5
1963 Volkswagen Type 2 De Luxe Forza Edition;NA;FH4
2017 Volvo XC90 R-Design;T;FM7
2016 Volvo Iron Knight;TT;FH4
2015 Volvo #33 Wilson Security Racing GRM S60;NA;FM6
2015 Volvo S60 Polestar;T;FM7
2015 Volvo V60 Polestar;T;FH5
2014 Volvo #1 Volvo Polestar Racing S60 STCC;NA;FM7
2014 Volvo #13 Volvo Polestar Racing S60 STCC;NA;FM7
2013 Volvo C30 Polestar;;FH5
2011 Volvo S60 R-Design;T;FM4
2009 Volvo C30 R-Design;T;FM4
2004 Volvo #24 At-Speed S60 R;;FM3
2004 Volvo S60 R;T;FM4
1997 Volvo 850 R;T;FM
1983 Volvo 242 Turbo Evolution;T;FH5
1972 Volvo 1800E;NA;FM7
1967 Volvo 123GT;NA;FM7
2017 VUHL 05RR;T;FM
2016 W Motors Lykan HyperSport;TT;FH5
1964 Watson #1 Sheraton-Thompson Special Roadster;NA;FM6
2011 Wiesmann GT MF5;TT;FM4
2010 Wiesmann GT MF5;NA;FM4
1945 Willys MB Jeep;NA;FH5
2022 Wuling Hongguang Mini EV Macaron;;FH5
2013 Wuling Sunshine S;NA;FH5
2020 Xpeng P7;E;FM
2019 Zenvo TSR-S;PDS;FM
2016 Zenvo ST1;TT;FH5
